--
-- PostgreSQL database dump
--

-- Dumped from database version 16.1
-- Dumped by pg_dump version 16.1

-- Started on 2024-09-29 12:45:05 MSK

SET statement_timeout = 0;
SET lock_timeout = 0;
SET idle_in_transaction_session_timeout = 0;
SET client_encoding = 'UTF8';
SET standard_conforming_strings = on;
SELECT pg_catalog.set_config('search_path', '', false);
SET check_function_bodies = false;
SET xmloption = content;
SET client_min_messages = warning;
SET row_security = off;

--
-- TOC entry 230 (class 1255 OID 428319)
-- Name: update_file_urls(); Type: PROCEDURE; Schema: public; Owner: postgres
--

CREATE PROCEDURE public.update_file_urls()
    LANGUAGE sql
    AS $_$

CREATE OR REPLACE PROCEDURE update_file_urls(
    table_name VARCHAR,
    column_name VARCHAR,
    old_host VARCHAR,
    new_host VARCHAR
)
LANGUAGE plpgsql AS $$
	DECLARE
	    old_url VARCHAR;
	    new_url VARCHAR;
	    sql_query TEXT;
	BEGIN
	    old_url := 'http://' || old_host || ':8080';
	    new_url := 'http://' || new_host || ':8080';
	
	    sql_query := 'UPDATE ' || table_name || 
	                 ' SET ' || column_name || ' = REPLACE(' || column_name || ', $1, $2)' ||
	                 ' WHERE ' || column_name || ' LIKE $3';
	
	    EXECUTE sql_query USING old_url, new_url, old_url || '%';
	END;
$$;
$_$;


ALTER PROCEDURE public.update_file_urls() OWNER TO postgres;

--
-- TOC entry 231 (class 1255 OID 428320)
-- Name: update_file_urls(character varying, character varying, character varying, character varying); Type: PROCEDURE; Schema: public; Owner: postgres
--

CREATE PROCEDURE public.update_file_urls(IN table_name character varying, IN column_name character varying, IN old_host character varying, IN new_host character varying)
    LANGUAGE plpgsql
    AS $_$
	DECLARE
	    old_url VARCHAR;
	    new_url VARCHAR;
	    sql_query TEXT;
	BEGIN
	    old_url := 'http://' || old_host || ':8080';
	    new_url := 'http://' || new_host || ':8080';
	
	    sql_query := 'UPDATE ' || table_name || 
	                 ' SET ' || column_name || ' = REPLACE(' || column_name || ', $1, $2)' ||
	                 ' WHERE ' || column_name || ' LIKE $3';
	
	    EXECUTE sql_query USING old_url, new_url, old_url || '%';
	END;
$_$;


ALTER PROCEDURE public.update_file_urls(IN table_name character varying, IN column_name character varying, IN old_host character varying, IN new_host character varying) OWNER TO postgres;

SET default_tablespace = '';

SET default_table_access_method = heap;

--
-- TOC entry 216 (class 1259 OID 428074)
-- Name: chat_participants; Type: TABLE; Schema: public; Owner: postgres
--

CREATE TABLE public.chat_participants (
    chat_id uuid NOT NULL,
    participant_id uuid NOT NULL
);


ALTER TABLE public.chat_participants OWNER TO postgres;

--
-- TOC entry 217 (class 1259 OID 428077)
-- Name: chats; Type: TABLE; Schema: public; Owner: postgres
--

CREATE TABLE public.chats (
    id uuid NOT NULL,
    chat_image character varying(255),
    chat_name character varying(255),
    is_group boolean,
    created_by_id uuid
);


ALTER TABLE public.chats OWNER TO postgres;

--
-- TOC entry 215 (class 1259 OID 27415)
-- Name: genres; Type: TABLE; Schema: public; Owner: postgres
--

CREATE TABLE public.genres (
    id uuid NOT NULL,
    name character varying(255),
    picture_url character varying(255)
);


ALTER TABLE public.genres OWNER TO postgres;

--
-- TOC entry 218 (class 1259 OID 428084)
-- Name: invite; Type: TABLE; Schema: public; Owner: postgres
--

CREATE TABLE public.invite (
    id uuid NOT NULL,
    created_datetime timestamp(6) without time zone,
    status character varying(255),
    recipient_id uuid,
    sender_id uuid,
    CONSTRAINT invite_status_check CHECK (((status)::text = ANY ((ARRAY['CONSIDERED'::character varying, 'ACCEPTED'::character varying, 'REJECTED'::character varying, 'DELETED_BY_SENDER'::character varying])::text[])))
);


ALTER TABLE public.invite OWNER TO postgres;

--
-- TOC entry 219 (class 1259 OID 428090)
-- Name: messages; Type: TABLE; Schema: public; Owner: postgres
--

CREATE TABLE public.messages (
    id uuid NOT NULL,
    content character varying(255),
    is_read boolean,
    "timestamp" timestamp(6) without time zone,
    chat_id uuid,
    sender_id uuid,
    reply_to_message_id uuid
);


ALTER TABLE public.messages OWNER TO postgres;

--
-- TOC entry 220 (class 1259 OID 428095)
-- Name: post_images; Type: TABLE; Schema: public; Owner: postgres
--

CREATE TABLE public.post_images (
    post_id uuid NOT NULL,
    images character varying(255)
);


ALTER TABLE public.post_images OWNER TO postgres;

--
-- TOC entry 221 (class 1259 OID 428098)
-- Name: posts; Type: TABLE; Schema: public; Owner: postgres
--

CREATE TABLE public.posts (
    id uuid NOT NULL,
    content character varying(255),
    publish_date timestamp(6) without time zone,
    user_id uuid
);


ALTER TABLE public.posts OWNER TO postgres;

--
-- TOC entry 223 (class 1259 OID 428104)
-- Name: refresh_token; Type: TABLE; Schema: public; Owner: postgres
--

CREATE TABLE public.refresh_token (
    id integer NOT NULL,
    expiration_time timestamp(6) with time zone NOT NULL,
    refresh_token character varying(255),
    user_id uuid
);


ALTER TABLE public.refresh_token OWNER TO postgres;

--
-- TOC entry 222 (class 1259 OID 428103)
-- Name: refresh_token_id_seq; Type: SEQUENCE; Schema: public; Owner: postgres
--

CREATE SEQUENCE public.refresh_token_id_seq
    AS integer
    START WITH 1
    INCREMENT BY 1
    NO MINVALUE
    NO MAXVALUE
    CACHE 1;


ALTER SEQUENCE public.refresh_token_id_seq OWNER TO postgres;

--
-- TOC entry 4469 (class 0 OID 0)
-- Dependencies: 222
-- Name: refresh_token_id_seq; Type: SEQUENCE OWNED BY; Schema: public; Owner: postgres
--

ALTER SEQUENCE public.refresh_token_id_seq OWNED BY public.refresh_token.id;


--
-- TOC entry 225 (class 1259 OID 428113)
-- Name: user_favorite_artists_ids; Type: TABLE; Schema: public; Owner: postgres
--

CREATE TABLE public.user_favorite_artists_ids (
    user_id uuid NOT NULL,
    favorite_artists_ids integer
);


ALTER TABLE public.user_favorite_artists_ids OWNER TO postgres;

--
-- TOC entry 224 (class 1259 OID 428110)
-- Name: user_favorite_genres; Type: TABLE; Schema: public; Owner: postgres
--

CREATE TABLE public.user_favorite_genres (
    user_id uuid NOT NULL,
    genre_id uuid NOT NULL
);


ALTER TABLE public.user_favorite_genres OWNER TO postgres;

--
-- TOC entry 226 (class 1259 OID 428116)
-- Name: user_friends; Type: TABLE; Schema: public; Owner: postgres
--

CREATE TABLE public.user_friends (
    user_id uuid NOT NULL,
    friend_id uuid NOT NULL
);


ALTER TABLE public.user_friends OWNER TO postgres;

--
-- TOC entry 227 (class 1259 OID 428119)
-- Name: user_languages; Type: TABLE; Schema: public; Owner: postgres
--

CREATE TABLE public.user_languages (
    user_id uuid NOT NULL,
    languages character varying(255)
);


ALTER TABLE public.user_languages OWNER TO postgres;

--
-- TOC entry 228 (class 1259 OID 428122)
-- Name: user_posts; Type: TABLE; Schema: public; Owner: postgres
--

CREATE TABLE public.user_posts (
    post_id uuid NOT NULL,
    user_id uuid NOT NULL
);


ALTER TABLE public.user_posts OWNER TO postgres;

--
-- TOC entry 229 (class 1259 OID 428127)
-- Name: users; Type: TABLE; Schema: public; Owner: postgres
--

CREATE TABLE public.users (
    id uuid NOT NULL,
    avatar_url character varying(255),
    birthday date NOT NULL,
    city character varying(255),
    country character varying(255),
    description character varying(255),
    email character varying(255),
    first_name character varying(255),
    gender character varying(255),
    last_name character varying(255),
    password character varying(255),
    role character varying(255),
    is_online boolean,
    last_online timestamp(6) without time zone,
    base_url character varying(255),
    CONSTRAINT users_gender_check CHECK (((gender)::text = ANY ((ARRAY['MALE'::character varying, 'FEMALE'::character varying, 'UNKNOWN'::character varying])::text[]))),
    CONSTRAINT users_role_check CHECK (((role)::text = ANY ((ARRAY['ROLE_ADMIN'::character varying, 'ROLE_USER'::character varying])::text[])))
);


ALTER TABLE public.users OWNER TO postgres;

--
-- TOC entry 4264 (class 2604 OID 428107)
-- Name: refresh_token id; Type: DEFAULT; Schema: public; Owner: postgres
--

ALTER TABLE ONLY public.refresh_token ALTER COLUMN id SET DEFAULT nextval('public.refresh_token_id_seq'::regclass);


--
-- TOC entry 4450 (class 0 OID 428074)
-- Dependencies: 216
-- Data for Name: chat_participants; Type: TABLE DATA; Schema: public; Owner: postgres
--

COPY public.chat_participants (chat_id, participant_id) FROM stdin;
c0a80129-8ff1-179d-818f-f209a0bd0001	c0a800a7-8f42-1fde-818f-448922db0002
c0a80129-8ff1-179d-818f-f209a0bd0001	c0a800a7-8f42-1fde-818f-4335256b0000
c0a80129-9025-166f-8190-25bf40760000	c0a800a7-8f42-1fde-818f-4335256b0000
c0a80129-9025-166f-8190-25bf40760000	c0a800a7-8f4a-1726-818f-4a755de70000
c0a80129-9025-166f-8190-25bf4c8a0001	c0a800a7-8f42-1fde-818f-4335256b0000
c0a80129-9025-166f-8190-25bf4c8a0001	c0a80129-8ff3-15f0-818f-f31aa9420000
c0a80129-9031-1e9a-8190-319dfa0e0011	c0a800a7-8f42-1fde-818f-448922db0002
c0a80129-9031-1e9a-8190-319dfa0e0011	c0a800a7-8f4a-1726-818f-4a755de70000
\.


--
-- TOC entry 4451 (class 0 OID 428077)
-- Dependencies: 217
-- Data for Name: chats; Type: TABLE DATA; Schema: public; Owner: postgres
--

COPY public.chats (id, chat_image, chat_name, is_group, created_by_id) FROM stdin;
c0a80129-8ff1-179d-818f-f209a0bd0001	\N	\N	f	c0a800a7-8f42-1fde-818f-448922db0002
c0a80129-9025-166f-8190-25bf40760000	\N	\N	f	c0a800a7-8f42-1fde-818f-4335256b0000
c0a80129-9025-166f-8190-25bf4c8a0001	\N	\N	f	c0a800a7-8f42-1fde-818f-4335256b0000
c0a80129-9031-1e9a-8190-319dfa0e0011	\N	\N	f	c0a800a7-8f42-1fde-818f-448922db0002
\.


--
-- TOC entry 4449 (class 0 OID 27415)
-- Dependencies: 215
-- Data for Name: genres; Type: TABLE DATA; Schema: public; Owner: postgres
--

COPY public.genres (id, name, picture_url) FROM stdin;
0b5fb493-b45b-4b5b-b5b2-6b8c4b5b4b5b	Electronic	url1
2b5fb493-b45b-4b5b-b5b2-6b8c4b5b4b5b	Punk	url3
3b5fb493-b45b-4b5b-b5b2-6b8c4b5b4b5b	Pop	url4
4b5fb493-b45b-4b5b-b5b2-6b8c4b5b4b5b	Rap & Hip-hop	url5
5b5fb493-b45b-4b5b-b5b2-6b8c4b5b4b5b	Russian Rap	url6
6b5fb493-b45b-4b5b-b5b2-6b8c4b5b4b5b	Country	url7
7b5fb493-b45b-4b5b-b5b2-6b8c4b5b4b5b	Alternative	url8
8b5fb493-b45b-4b5b-b5b2-6b8c4b5b4b5b	Hardcore	url9
9b5fb493-b45b-4b5b-b5b2-6b8c4b5b4b5b	Metal	url10
ab5fb493-b45b-4b5b-b5b2-6b8c4b5b4b5b	Rock	url11
bb5fb493-b45b-4b5b-b5b2-6b8c4b5b4b5b	Russian Rock	url12
cb5fb493-b45b-4b5b-b5b2-6b8c4b5b4b5b	Dance	url13
db5fb493-b45b-4b5b-b5b2-6b8c4b5b4b5b	Jazz	url14
eb5fb493-b45b-4b5b-b5b2-6b8c4b5b4b5b	Blues	url15
1b5fb493-b45b-4b5b-b5b2-6b8c4b5b4b5b	Indie	http://192.168.1.41:8080/api/v1/files/genre_indie.png
\.


--
-- TOC entry 4452 (class 0 OID 428084)
-- Dependencies: 218
-- Data for Name: invite; Type: TABLE DATA; Schema: public; Owner: postgres
--

COPY public.invite (id, created_datetime, status, recipient_id, sender_id) FROM stdin;
\.


--
-- TOC entry 4453 (class 0 OID 428090)
-- Dependencies: 219
-- Data for Name: messages; Type: TABLE DATA; Schema: public; Owner: postgres
--

COPY public.messages (id, content, is_read, "timestamp", chat_id, sender_id, reply_to_message_id) FROM stdin;
c0a80129-8ff1-179d-818f-f20b1f170002	приветик!	t	2024-06-07 12:32:46.231483	c0a80129-8ff1-179d-818f-f209a0bd0001	c0a800a7-8f42-1fde-818f-448922db0002	\N
c0a80129-8ff1-179d-818f-f20b6ef60003	привет	t	2024-06-07 12:33:06.677915	c0a80129-8ff1-179d-818f-f209a0bd0001	c0a800a7-8f42-1fde-818f-4335256b0000	\N
c0a80129-8ff1-179d-818f-f20bb5a00004	Сходим сегодня в кафе?	t	2024-06-07 12:33:24.768428	c0a80129-8ff1-179d-818f-f209a0bd0001	c0a800a7-8f42-1fde-818f-448922db0002	\N
c0a80129-8ff1-179d-818f-f20c21710005	Давай) Во сколько?	t	2024-06-07 12:33:52.369129	c0a80129-8ff1-179d-818f-f209a0bd0001	c0a800a7-8f42-1fde-818f-4335256b0000	\N
c0a80129-8ff1-179d-818f-f20c509b0006	В 6 вечера устроит?	t	2024-06-07 12:34:04.443699	c0a80129-8ff1-179d-818f-f209a0bd0001	c0a800a7-8f42-1fde-818f-448922db0002	\N
c0a80129-8ff1-179d-818f-f20c73ed0007	Окей)	t	2024-06-07 12:34:13.484852	c0a80129-8ff1-179d-818f-f209a0bd0001	c0a800a7-8f42-1fde-818f-4335256b0000	\N
c0a80129-904d-1e9d-8190-4df9284c0001	привет 	t	2024-06-25 08:58:12.811979	c0a80129-8ff1-179d-818f-f209a0bd0001	c0a800a7-8f42-1fde-818f-448922db0002	\N
c0a80129-904d-1e9d-8190-4dfa43730002	hello	t	2024-06-25 08:59:25.298418	c0a80129-8ff1-179d-818f-f209a0bd0001	c0a800a7-8f42-1fde-818f-448922db0002	\N
c0a80129-904d-1e9d-8190-4e0340a20004	hello	t	2024-06-25 09:09:14.40099	c0a80129-8ff1-179d-818f-f209a0bd0001	c0a800a7-8f42-1fde-818f-448922db0002	\N
c0a80129-904d-1e9d-8190-4dfb68f70003	тестовое сообщение	t	2024-06-25 09:00:40.439498	c0a80129-8ff1-179d-818f-f209a0bd0001	c0a800a7-8f42-1fde-818f-448922db0002	\N
c0a80129-904d-1e9d-8190-4e0386e10006	test	t	2024-06-25 09:09:32.38485	c0a80129-8ff1-179d-818f-f209a0bd0001	c0a800a7-8f42-1fde-818f-448922db0002	\N
c0a80129-904d-1e9d-8190-4e036e310005	hello	t	2024-06-25 09:09:26.065302	c0a80129-8ff1-179d-818f-f209a0bd0001	c0a800a7-8f42-1fde-818f-448922db0002	\N
c0a80129-904d-1e9d-8190-4e098ad70008	dhhddj	t	2024-06-25 09:16:06.614702	c0a80129-8ff1-179d-818f-f209a0bd0001	c0a800a7-8f42-1fde-818f-448922db0002	\N
c0a80129-904d-1e9d-8190-4e09b1de0009	gwrgwgw	t	2024-06-25 09:16:16.605991	c0a80129-8ff1-179d-818f-f209a0bd0001	c0a800a7-8f42-1fde-818f-4335256b0000	\N
c0a80129-904d-1e9d-8190-4e09f912000a	urudus	t	2024-06-25 09:16:34.834687	c0a80129-8ff1-179d-818f-f209a0bd0001	c0a800a7-8f42-1fde-818f-448922db0002	\N
c0a80129-904d-1e9d-8190-4e0b2119000b	привет 	t	2024-06-25 09:17:50.616946	c0a80129-8ff1-179d-818f-f209a0bd0001	c0a800a7-8f42-1fde-818f-448922db0002	\N
c0a80129-904d-1e9d-8190-4e0b3580000c	hello	t	2024-06-25 09:17:55.840238	c0a80129-8ff1-179d-818f-f209a0bd0001	c0a800a7-8f42-1fde-818f-4335256b0000	\N
c0a80123-906a-1b4a-8190-6a8c01d90000	priv	t	2024-06-30 22:07:58.807594	c0a80129-8ff1-179d-818f-f209a0bd0001	c0a800a7-8f42-1fde-818f-4335256b0000	\N
c0a80123-906a-1b4a-8190-6a8e79f40001	hello	t	2024-06-30 22:10:40.627918	c0a80129-8ff1-179d-818f-f209a0bd0001	c0a800a7-8f42-1fde-818f-448922db0002	\N
c0a80123-906a-1b4a-8190-6aa7671a0004	dndndn	t	2024-06-30 22:37:54.202227	c0a80129-8ff1-179d-818f-f209a0bd0001	c0a800a7-8f42-1fde-818f-4335256b0000	\N
c0a80123-906a-1b4a-8190-6a8f617f0002	trgh	t	2024-06-30 22:11:39.903449	c0a80129-8ff1-179d-818f-f209a0bd0001	c0a800a7-8f42-1fde-818f-4335256b0000	\N
c0a80123-906a-1b4a-8190-6a8f8d850003	fvsfvs	t	2024-06-30 22:11:51.173348	c0a80129-8ff1-179d-818f-f209a0bd0001	c0a800a7-8f42-1fde-818f-4335256b0000	\N
c0a80123-906a-1b4a-8190-6aa8e7940005	jdjdjd	t	2024-06-30 22:39:32.627717	c0a80129-8ff1-179d-818f-f209a0bd0001	c0a800a7-8f42-1fde-818f-448922db0002	\N
c0a80123-906a-1b4a-8190-6aa8fa010006	tegeh	t	2024-06-30 22:39:37.344992	c0a80129-8ff1-179d-818f-f209a0bd0001	c0a800a7-8f42-1fde-818f-4335256b0000	\N
c0a80123-906a-1b4a-8190-6aa977cc0007	huy	t	2024-06-30 22:40:09.546802	c0a80129-8ff1-179d-818f-f209a0bd0001	c0a800a7-8f42-1fde-818f-4335256b0000	\N
c0a80129-9025-166f-8190-25c03bd30002	Hello	t	2024-06-17 13:31:13.617976	c0a80129-9025-166f-8190-25bf40760000	c0a800a7-8f42-1fde-818f-4335256b0000	\N
c0a80128-90f9-19c1-8190-f9965ae20000	hello	t	2024-07-28 16:44:58.849539	c0a80129-8ff1-179d-818f-f209a0bd0001	c0a800a7-8f42-1fde-818f-4335256b0000	\N
c0a80128-9185-17a3-8191-8565d6f40001	привет 	t	2024-08-24 20:18:49.588319	c0a80129-8ff1-179d-818f-f209a0bd0001	c0a800a7-8f42-1fde-818f-448922db0002	\N
c0a80128-9185-17a3-8191-85659f1f0000	привет 	t	2024-08-24 20:18:35.294368	c0a80129-8ff1-179d-818f-f209a0bd0001	c0a800a7-8f42-1fde-818f-448922db0002	\N
c0a80128-9185-17a3-8191-85663a290002	htrkhtjht	t	2024-08-24 20:19:14.984973	c0a80129-8ff1-179d-818f-f209a0bd0001	c0a800a7-8f42-1fde-818f-4335256b0000	\N
c0a80129-9031-1e9a-8190-319e05fe0012	привет	f	2024-06-19 20:49:18.206231	c0a80129-9031-1e9a-8190-319dfa0e0011	c0a800a7-8f42-1fde-818f-448922db0002	\N
c0a80128-9185-17a3-8191-857291740006	соаочово	t	2024-08-24 20:32:43.763956	c0a80129-8ff1-179d-818f-f209a0bd0001	c0a800a7-8f42-1fde-818f-448922db0002	\N
c0a80128-9185-17a3-8191-8575130a000e	лввоов	t	2024-08-24 20:35:28.01035	c0a80129-8ff1-179d-818f-f209a0bd0001	c0a800a7-8f42-1fde-818f-448922db0002	\N
c0a80128-9185-17a3-8191-85747f10000b	лвуллулу	t	2024-08-24 20:34:50.128543	c0a80129-8ff1-179d-818f-f209a0bd0001	c0a800a7-8f42-1fde-818f-448922db0002	\N
c0a80128-9185-17a3-8191-8572aa450007	алалал	t	2024-08-24 20:32:50.117174	c0a80129-8ff1-179d-818f-f209a0bd0001	c0a800a7-8f42-1fde-818f-448922db0002	\N
c0a80128-9185-17a3-8191-85925d49001d	вьвлыьыь	t	2024-08-24 21:07:27.561427	c0a80129-8ff1-179d-818f-f209a0bd0001	c0a800a7-8f42-1fde-818f-448922db0002	\N
c0a80128-9185-17a3-8191-8591d765001c	влдыдылы	t	2024-08-24 21:06:53.284914	c0a80129-8ff1-179d-818f-f209a0bd0001	c0a800a7-8f42-1fde-818f-448922db0002	\N
c0a80128-9185-17a3-8191-859bdef40024	паввав	t	2024-08-24 21:17:50.580593	c0a80129-8ff1-179d-818f-f209a0bd0001	c0a800a7-8f42-1fde-818f-448922db0002	\N
c0a80128-9185-17a3-8191-8569d3ea0005	оавовлво	t	2024-08-24 20:23:10.954538	c0a80129-8ff1-179d-818f-f209a0bd0001	c0a800a7-8f42-1fde-818f-448922db0002	\N
c0a80128-9185-17a3-8191-858977f20016	вьвьыбыб	t	2024-08-24 20:57:44.562657	c0a80129-8ff1-179d-818f-f209a0bd0001	c0a800a7-8f42-1fde-818f-448922db0002	\N
c0a80128-9185-17a3-8191-85b38d260028	hdsbajzn	t	2024-08-24 21:43:42.502528	c0a80129-8ff1-179d-818f-f209a0bd0001	c0a800a7-8f42-1fde-818f-448922db0002	\N
c0a80128-9185-17a3-8191-858497ec0013	волалвлв	t	2024-08-24 20:52:25.06864	c0a80129-8ff1-179d-818f-f209a0bd0001	c0a800a7-8f42-1fde-818f-448922db0002	\N
c0a80128-9185-17a3-8191-85c21819002b	bddnnsa	t	2024-08-24 21:59:35.577359	c0a80129-8ff1-179d-818f-f209a0bd0001	c0a800a7-8f42-1fde-818f-448922db0002	\N
c0a80128-9185-17a3-8191-85b1da4e0027	4idjsbx	t	2024-08-24 21:41:51.182016	c0a80129-8ff1-179d-818f-f209a0bd0001	c0a800a7-8f42-1fde-818f-448922db0002	\N
c0a80128-9185-17a3-8191-85c35b4a002c	nssjja	t	2024-08-24 22:00:58.31413	c0a80129-8ff1-179d-818f-f209a0bd0001	c0a800a7-8f42-1fde-818f-448922db0002	\N
c0a80128-9185-17a3-8191-85c36982002d	ueiww	t	2024-08-24 22:01:01.954727	c0a80129-8ff1-179d-818f-f209a0bd0001	c0a800a7-8f42-1fde-818f-448922db0002	\N
c0a80128-9185-17a3-8191-85b9ddb1002a	dhhsnsns	t	2024-08-24 21:50:36.337008	c0a80129-8ff1-179d-818f-f209a0bd0001	c0a800a7-8f42-1fde-818f-448922db0002	\N
c0a80128-9185-17a3-8191-85cc83dd0032	djsjn	t	2024-08-24 22:10:58.524908	c0a80129-8ff1-179d-818f-f209a0bd0001	c0a800a7-8f42-1fde-818f-448922db0002	\N
c0a80128-9185-17a3-8191-85c43457002f	hrshaj	t	2024-08-24 22:01:53.879207	c0a80129-8ff1-179d-818f-f209a0bd0001	c0a800a7-8f42-1fde-818f-448922db0002	\N
c0a80128-9185-17a3-8191-85c9061f0031	uwjwjbss	t	2024-08-24 22:07:09.727502	c0a80129-8ff1-179d-818f-f209a0bd0001	c0a800a7-8f42-1fde-818f-448922db0002	\N
c0a80128-9185-17a3-8191-85c379a6002e	ueuuuw	t	2024-08-24 22:01:06.086163	c0a80129-8ff1-179d-818f-f209a0bd0001	c0a800a7-8f42-1fde-818f-448922db0002	\N
c0a80128-9185-17a3-8191-85c5465d0030	rjdjsj	t	2024-08-24 22:03:04.029084	c0a80129-8ff1-179d-818f-f209a0bd0001	c0a800a7-8f42-1fde-818f-448922db0002	\N
c0a80128-9185-17a3-8191-85670aa50003	плплаьпо	t	2024-08-24 20:20:08.357389	c0a80129-8ff1-179d-818f-f209a0bd0001	c0a800a7-8f42-1fde-818f-448922db0002	\N
c0a80128-9185-17a3-8191-85678c720004	асдашво	t	2024-08-24 20:20:41.586164	c0a80129-8ff1-179d-818f-f209a0bd0001	c0a800a7-8f42-1fde-818f-448922db0002	\N
c0a80128-9185-17a3-8191-8572bcab0008	хуй	t	2024-08-24 20:32:54.827278	c0a80129-8ff1-179d-818f-f209a0bd0001	c0a800a7-8f42-1fde-818f-448922db0002	\N
c0a80128-9185-17a3-8191-85750c37000d	оаоауооу	t	2024-08-24 20:35:26.262704	c0a80129-8ff1-179d-818f-f209a0bd0001	c0a800a7-8f42-1fde-818f-448922db0002	\N
c0a80128-9185-17a3-8191-857471d70009	аоалвлвл	t	2024-08-24 20:34:46.743801	c0a80129-8ff1-179d-818f-f209a0bd0001	c0a800a7-8f42-1fde-818f-448922db0002	\N
c0a80128-9185-17a3-8191-857483d9000c	лууллу	t	2024-08-24 20:34:51.353308	c0a80129-8ff1-179d-818f-f209a0bd0001	c0a800a7-8f42-1fde-818f-448922db0002	\N
c0a80128-9185-17a3-8191-8574799f000a	ууллувд	t	2024-08-24 20:34:48.735263	c0a80129-8ff1-179d-818f-f209a0bd0001	c0a800a7-8f42-1fde-818f-448922db0002	\N
c0a80128-9185-17a3-8191-857bb1e10012	цщщцдц	t	2024-08-24 20:42:41.88869	c0a80129-8ff1-179d-818f-f209a0bd0001	c0a800a7-8f42-1fde-818f-448922db0002	\N
c0a80128-9185-17a3-8191-857523730010	7ушушу	t	2024-08-24 20:35:32.211577	c0a80129-8ff1-179d-818f-f209a0bd0001	c0a800a7-8f42-1fde-818f-448922db0002	\N
c0a80128-9185-17a3-8191-858ac9310017	влялялчлв	t	2024-08-24 20:59:10.897636	c0a80129-8ff1-179d-818f-f209a0bd0001	c0a800a7-8f42-1fde-818f-448922db0002	\N
c0a80128-9185-17a3-8191-8587f8920015	ьчяььяьв	t	2024-08-24 20:56:06.417826	c0a80129-8ff1-179d-818f-f209a0bd0001	c0a800a7-8f42-1fde-818f-448922db0002	\N
c0a80128-9185-17a3-8191-8591bfb0001b	вовлвлвл	t	2024-08-24 21:06:47.216706	c0a80129-8ff1-179d-818f-f209a0bd0001	c0a800a7-8f42-1fde-818f-448922db0002	\N
c0a80128-9185-17a3-8191-858fa570001a	ялчльвьв	t	2024-08-24 21:04:29.424789	c0a80129-8ff1-179d-818f-f209a0bd0001	c0a800a7-8f42-1fde-818f-448922db0002	\N
c0a80128-9185-17a3-8191-859292a6001e	ошо	t	2024-08-24 21:07:41.222142	c0a80129-8ff1-179d-818f-f209a0bd0001	c0a800a7-8f42-1fde-818f-448922db0002	\N
c0a80128-9185-17a3-8191-8592a6fe001f	хуй	t	2024-08-24 21:07:46.430153	c0a80129-8ff1-179d-818f-f209a0bd0001	c0a800a7-8f42-1fde-818f-448922db0002	\N
c0a80128-9185-17a3-8191-858d75a70019	воовыо	t	2024-08-24 21:02:06.119549	c0a80129-8ff1-179d-818f-f209a0bd0001	c0a800a7-8f42-1fde-818f-448922db0002	\N
c0a80128-9185-17a3-8191-858b7f0b0018	лвыдыдвлвьвт	t	2024-08-24 20:59:57.451389	c0a80129-8ff1-179d-818f-f209a0bd0001	c0a800a7-8f42-1fde-818f-448922db0002	\N
c0a80128-9185-17a3-8191-857ba38a0011	оаоалвлыды	t	2024-08-24 20:42:38.218206	c0a80129-8ff1-179d-818f-f209a0bd0001	c0a800a7-8f42-1fde-818f-448922db0002	\N
c0a80128-9185-17a3-8191-858645890014	3ооувов	t	2024-08-24 20:54:15.049306	c0a80129-8ff1-179d-818f-f209a0bd0001	c0a800a7-8f42-1fde-818f-448922db0002	\N
c0a80128-9185-17a3-8191-85751d3f000f	лвулшуулшуушшуц	t	2024-08-24 20:35:30.623154	c0a80129-8ff1-179d-818f-f209a0bd0001	c0a800a7-8f42-1fde-818f-448922db0002	\N
c0a80128-9185-17a3-8191-8596a82d0021	аоалвдв	t	2024-08-24 21:12:08.877702	c0a80129-8ff1-179d-818f-f209a0bd0001	c0a800a7-8f42-1fde-818f-448922db0002	\N
c0a80128-9185-17a3-8191-859595360020	лчлчбвлв	t	2024-08-24 21:10:58.486666	c0a80129-8ff1-179d-818f-f209a0bd0001	c0a800a7-8f42-1fde-818f-448922db0002	\N
c0a80128-9185-17a3-8191-859984730023	влвлыьья	t	2024-08-24 21:15:16.339302	c0a80129-8ff1-179d-818f-f209a0bd0001	c0a800a7-8f42-1fde-818f-448922db0002	\N
c0a80128-9185-17a3-8191-859d6cb90026	rhdjdnzn	t	2024-08-24 21:19:32.409576	c0a80129-8ff1-179d-818f-f209a0bd0001	c0a800a7-8f42-1fde-818f-448922db0002	\N
c0a80128-9185-17a3-8191-859bf62b0025	луовлв	t	2024-08-24 21:17:56.523764	c0a80129-8ff1-179d-818f-f209a0bd0001	c0a800a7-8f42-1fde-818f-448922db0002	\N
c0a80128-9185-17a3-8191-859740180022	аллввдлвв	t	2024-08-24 21:12:47.768028	c0a80129-8ff1-179d-818f-f209a0bd0001	c0a800a7-8f42-1fde-818f-448922db0002	\N
c0a80128-9185-17a3-8191-85b97d8d0029	ccvbbv	t	2024-08-24 21:50:11.72529	c0a80129-8ff1-179d-818f-f209a0bd0001	c0a800a7-8f42-1fde-818f-448922db0002	\N
c0a80128-9185-17a3-8191-85d10a020034	64ehejen	t	2024-08-24 22:15:55.010228	c0a80129-8ff1-179d-818f-f209a0bd0001	c0a800a7-8f42-1fde-818f-448922db0002	\N
c0a80128-9185-17a3-8191-85d11a9c0035	jfjfjd	t	2024-08-24 22:15:59.260462	c0a80129-8ff1-179d-818f-f209a0bd0001	c0a800a7-8f42-1fde-818f-448922db0002	\N
c0a80128-9185-17a3-8191-85d1268c0036	jrjejssi	t	2024-08-24 22:16:02.316395	c0a80129-8ff1-179d-818f-f209a0bd0001	c0a800a7-8f42-1fde-818f-448922db0002	\N
c0a80128-9185-17a3-8191-85cd0eeb0033	hssjnan	t	2024-08-24 22:11:34.122903	c0a80129-8ff1-179d-818f-f209a0bd0001	c0a800a7-8f42-1fde-818f-448922db0002	\N
c0a80128-9185-17a3-8191-85de743d0037	srpgksrgrksg	t	2024-08-24 22:30:34.173281	c0a80129-8ff1-179d-818f-f209a0bd0001	c0a800a7-8f42-1fde-818f-4335256b0000	\N
c0a80128-9185-17a3-8191-85e0dde10038	fdgth	t	2024-08-24 22:33:12.289308	c0a80129-8ff1-179d-818f-f209a0bd0001	c0a800a7-8f42-1fde-818f-4335256b0000	\N
c0a80128-9185-17a3-8191-85e1518f0039	osefG	t	2024-08-24 22:33:41.903037	c0a80129-8ff1-179d-818f-f209a0bd0001	c0a800a7-8f42-1fde-818f-4335256b0000	\N
c0a80128-9185-1f22-8191-85efce560000	ашалвл	t	2024-08-24 22:49:31.350047	c0a80129-8ff1-179d-818f-f209a0bd0001	c0a800a7-8f42-1fde-818f-448922db0002	\N
c0a80128-9185-1f22-8191-8600709e0009	рплдшш	t	2024-08-24 23:07:41.470658	c0a80129-8ff1-179d-818f-f209a0bd0001	c0a800a7-8f42-1fde-818f-448922db0002	\N
c0a80128-9185-1f22-8191-85f01d9d0001	о8р8	t	2024-08-24 22:49:51.644915	c0a80129-8ff1-179d-818f-f209a0bd0001	c0a800a7-8f42-1fde-818f-448922db0002	\N
c0a80128-9185-1f22-8191-85f457820003	рьбш	t	2024-08-24 22:54:28.610099	c0a80129-8ff1-179d-818f-f209a0bd0001	c0a800a7-8f42-1fde-818f-448922db0002	\N
c0a80128-9185-1f22-8191-85fb17fd0005	рролл	t	2024-08-24 23:01:51.101226	c0a80129-8ff1-179d-818f-f209a0bd0001	c0a800a7-8f42-1fde-818f-448922db0002	\N
c0a80128-9185-1f22-8191-85fce7970007	тллоор	t	2024-08-24 23:03:49.782776	c0a80129-8ff1-179d-818f-f209a0bd0001	c0a800a7-8f42-1fde-818f-448922db0002	\N
c0a80128-9185-1f22-8191-85fcd0060006	толрапн	t	2024-08-24 23:03:43.750232	c0a80129-8ff1-179d-818f-f209a0bd0001	c0a800a7-8f42-1fde-818f-448922db0002	\N
c0a80128-9185-1f22-8191-85f40e720002	кииеет	t	2024-08-24 22:54:09.906329	c0a80129-8ff1-179d-818f-f209a0bd0001	c0a800a7-8f42-1fde-818f-448922db0002	\N
c0a80128-9185-1f22-8191-85fa91280004	опвптол	t	2024-08-24 23:01:16.583709	c0a80129-8ff1-179d-818f-f209a0bd0001	c0a800a7-8f42-1fde-818f-448922db0002	\N
c0a80128-9185-1f22-8191-85fe9be40008	нрььтпр	t	2024-08-24 23:05:41.47635	c0a80129-8ff1-179d-818f-f209a0bd0001	c0a800a7-8f42-1fde-818f-448922db0002	\N
c0a80128-9189-1d26-8191-8a01814a0000	fsggggdsg	t	2024-08-25 17:47:20.137796	c0a80129-8ff1-179d-818f-f209a0bd0001	c0a800a7-8f42-1fde-818f-4335256b0000	\N
c0a80128-918a-1695-8191-8a65363f0003	test	t	2024-08-25 19:36:14.527388	c0a80129-8ff1-179d-818f-f209a0bd0001	c0a800a7-8f42-1fde-818f-4335256b0000	\N
c0a80128-918a-1185-8191-8a7f4ffc0000	dtgdthd	t	2024-08-25 20:04:45.04964	c0a80129-8ff1-179d-818f-f209a0bd0001	c0a800a7-8f42-1fde-818f-4335256b0000	\N
c0a80128-918a-1695-8191-8a5c7ab40000	fgrgjjergh	t	2024-08-25 19:26:42.226283	c0a80129-8ff1-179d-818f-f209a0bd0001	c0a800a7-8f42-1fde-818f-4335256b0000	\N
c0a80128-918a-1695-8191-8a62894e0001	fkerogko	t	2024-08-25 19:33:19.18208	c0a80129-8ff1-179d-818f-f209a0bd0001	c0a800a7-8f42-1fde-818f-4335256b0000	\N
c0a80128-918a-1695-8191-8a63a4720002	fffff	t	2024-08-25 19:34:31.666005	c0a80129-8ff1-179d-818f-f209a0bd0001	c0a800a7-8f42-1fde-818f-4335256b0000	\N
c0a80128-918a-1185-8191-8a7fb0780001	аочоылыллы	t	2024-08-25 20:05:09.752458	c0a80129-8ff1-179d-818f-f209a0bd0001	c0a800a7-8f42-1fde-818f-448922db0002	\N
c0a80128-918a-1185-8191-8a7fda800002	салалаллввл	t	2024-08-25 20:05:20.51223	c0a80129-8ff1-179d-818f-f209a0bd0001	c0a800a7-8f42-1fde-818f-448922db0002	\N
c0a80128-918a-1185-8191-8a806e610003	rsgfresgdthe	t	2024-08-25 20:05:58.36918	c0a80129-8ff1-179d-818f-f209a0bd0001	c0a800a7-8f42-1fde-818f-4335256b0000	\N
c0a80128-918a-1185-8191-8a808ba00004	tgtdthhj	t	2024-08-25 20:06:05.855499	c0a80129-8ff1-179d-818f-f209a0bd0001	c0a800a7-8f42-1fde-818f-4335256b0000	\N
c0a80128-918a-1185-8191-8a81e68a0007	 ыыааипте	t	2024-08-25 20:07:34.66653	c0a80129-8ff1-179d-818f-f209a0bd0001	c0a800a7-8f42-1fde-818f-448922db0002	\N
c0a80128-918a-1185-8191-8a8977f6000d	fxbfz	t	2024-08-25 20:15:50.645889	c0a80129-8ff1-179d-818f-f209a0bd0001	c0a800a7-8f42-1fde-818f-4335256b0000	\N
c0a80128-918a-1185-8191-8a89c323000f	jkijij	t	2024-08-25 20:16:09.888303	c0a80129-8ff1-179d-818f-f209a0bd0001	c0a800a7-8f42-1fde-818f-4335256b0000	\N
c0a80128-918a-1185-8191-8a850bb90008	dsrgrrhd	t	2024-08-25 20:11:00.793422	c0a80129-8ff1-179d-818f-f209a0bd0001	c0a800a7-8f42-1fde-818f-4335256b0000	\N
c0a80128-918a-1185-8191-8a86d2a10009	dghteh	t	2024-08-25 20:12:57.249313	c0a80129-8ff1-179d-818f-f209a0bd0001	c0a800a7-8f42-1fde-818f-4335256b0000	\N
c0a80128-918a-1185-8191-8a89a57f000e	kjiji	t	2024-08-25 20:16:02.303327	c0a80129-8ff1-179d-818f-f209a0bd0001	c0a800a7-8f42-1fde-818f-4335256b0000	\N
c0a80128-918a-1185-8191-8a89e8600010	iujioujho	t	2024-08-25 20:16:19.424023	c0a80129-8ff1-179d-818f-f209a0bd0001	c0a800a7-8f42-1fde-818f-4335256b0000	\N
c0a80128-918a-1185-8191-8a8a2a930012	kjklji	t	2024-08-25 20:16:36.371697	c0a80129-8ff1-179d-818f-f209a0bd0001	c0a800a7-8f42-1fde-818f-4335256b0000	\N
c0a80128-918a-1185-8191-8a98940b0013	sdgsrgs	t	2024-08-25 20:32:20.875699	c0a80129-8ff1-179d-818f-f209a0bd0001	c0a800a7-8f42-1fde-818f-4335256b0000	\N
c0a80128-918a-1185-8191-8a87d1a2000a	dvsbg	t	2024-08-25 20:14:02.530478	c0a80129-8ff1-179d-818f-f209a0bd0001	c0a800a7-8f42-1fde-818f-4335256b0000	\N
c0a80128-918a-1185-8191-8a891d72000b	srgrgg	t	2024-08-25 20:15:27.474498	c0a80129-8ff1-179d-818f-f209a0bd0001	c0a800a7-8f42-1fde-818f-4335256b0000	\N
c0a80128-918a-1185-8191-8a896c17000c	csdvVDS	t	2024-08-25 20:15:47.607563	c0a80129-8ff1-179d-818f-f209a0bd0001	c0a800a7-8f42-1fde-818f-4335256b0000	\N
c0a80128-918a-1185-8191-8a8a13370011	hjhhu	t	2024-08-25 20:16:30.391529	c0a80129-8ff1-179d-818f-f209a0bd0001	c0a800a7-8f42-1fde-818f-4335256b0000	\N
c0a80128-918a-1185-8191-8a9cf57f0017	 dtgthht	t	2024-08-25 20:37:07.967	c0a80129-8ff1-179d-818f-f209a0bd0001	c0a800a7-8f42-1fde-818f-4335256b0000	\N
c0a80128-918a-1185-8191-8aa09852001a	jkjjjoi	t	2024-08-25 20:41:06.258217	c0a80129-8ff1-179d-818f-f209a0bd0001	c0a800a7-8f42-1fde-818f-4335256b0000	\N
c0a80128-918a-1185-8191-8a9f012f0019	kjkjoij	t	2024-08-25 20:39:22.030313	c0a80129-8ff1-179d-818f-f209a0bd0001	c0a800a7-8f42-1fde-818f-4335256b0000	\N
c0a80128-918a-1185-8191-8aa1ccc5001b	huhjhj	t	2024-08-25 20:42:25.221763	c0a80129-8ff1-179d-818f-f209a0bd0001	c0a800a7-8f42-1fde-818f-4335256b0000	\N
c0a80128-918a-1185-8191-8aa2cd28001d	.kkkk	t	2024-08-25 20:43:30.856205	c0a80129-8ff1-179d-818f-f209a0bd0001	c0a800a7-8f42-1fde-818f-4335256b0000	\N
c0a80128-918a-1185-8191-8aa3a7e3001e	kokokok	t	2024-08-25 20:44:26.851392	c0a80129-8ff1-179d-818f-f209a0bd0001	c0a800a7-8f42-1fde-818f-4335256b0000	\N
c0a80128-918a-1185-8191-8aa27685001c	jijjjj	t	2024-08-25 20:43:08.677228	c0a80129-8ff1-179d-818f-f209a0bd0001	c0a800a7-8f42-1fde-818f-4335256b0000	\N
c0a80128-918a-1185-8191-8aa5e671001f	ghjklnjh	t	2024-08-25 20:46:53.93701	c0a80129-8ff1-179d-818f-f209a0bd0001	c0a800a7-8f42-1fde-818f-4335256b0000	\N
c0a80128-918a-1185-8191-8aac4ae10020	vfdvdfdff	t	2024-08-25 20:53:52.864891	c0a80129-8ff1-179d-818f-f209a0bd0001	c0a800a7-8f42-1fde-818f-4335256b0000	\N
c0a80128-918a-1185-8191-8a99d0c50014	rsgsrgg	t	2024-08-25 20:33:41.957126	c0a80129-8ff1-179d-818f-f209a0bd0001	c0a800a7-8f42-1fde-818f-4335256b0000	\N
c0a80128-918a-1185-8191-8a9a61330015	frdsgsrg	t	2024-08-25 20:34:18.931228	c0a80129-8ff1-179d-818f-f209a0bd0001	c0a800a7-8f42-1fde-818f-4335256b0000	\N
c0a80128-918a-1185-8191-8a9ccf280016	dsfgSGRS	t	2024-08-25 20:36:58.152211	c0a80129-8ff1-179d-818f-f209a0bd0001	c0a800a7-8f42-1fde-818f-4335256b0000	\N
c0a80128-918a-1185-8191-8a9dc6740018	fsrgzsrg	t	2024-08-25 20:38:01.460274	c0a80129-8ff1-179d-818f-f209a0bd0001	c0a800a7-8f42-1fde-818f-4335256b0000	\N
c0a80128-918a-1185-8191-8aafc2040022	ghgyg	t	2024-08-25 20:57:39.971912	c0a80129-8ff1-179d-818f-f209a0bd0001	c0a800a7-8f42-1fde-818f-4335256b0000	\N
c0a80128-918a-1185-8191-8aad3a530021	hjkl	t	2024-08-25 20:54:54.163171	c0a80129-8ff1-179d-818f-f209a0bd0001	c0a800a7-8f42-1fde-818f-4335256b0000	\N
c0a80128-918a-1185-8191-8ab025210023	vfsvsb	t	2024-08-25 20:58:05.345236	c0a80129-8ff1-179d-818f-f209a0bd0001	c0a800a7-8f42-1fde-818f-4335256b0000	\N
c0a80128-918a-1185-8191-8ab190780029	jij	t	2024-08-25 20:59:38.360078	c0a80129-8ff1-179d-818f-f209a0bd0001	c0a800a7-8f42-1fde-818f-4335256b0000	\N
c0a80128-918a-1185-8191-8ab16f570024	srgsgr	t	2024-08-25 20:59:29.879359	c0a80129-8ff1-179d-818f-f209a0bd0001	c0a800a7-8f42-1fde-818f-4335256b0000	\N
c0a80128-918a-1185-8191-8ab18da70027	jjijj	t	2024-08-25 20:59:37.639675	c0a80129-8ff1-179d-818f-f209a0bd0001	c0a800a7-8f42-1fde-818f-4335256b0000	\N
c0a80128-918a-1185-8191-8ab18f250028	ijiji	t	2024-08-25 20:59:38.02166	c0a80129-8ff1-179d-818f-f209a0bd0001	c0a800a7-8f42-1fde-818f-4335256b0000	\N
c0a80128-918a-1185-8191-8ab19239002b	ipjij	t	2024-08-25 20:59:38.809145	c0a80129-8ff1-179d-818f-f209a0bd0001	c0a800a7-8f42-1fde-818f-4335256b0000	\N
c0a80128-918a-1185-8191-8ab189ff0026	jjj	t	2024-08-25 20:59:36.702666	c0a80129-8ff1-179d-818f-f209a0bd0001	c0a800a7-8f42-1fde-818f-4335256b0000	\N
c0a80128-918a-1185-8191-8ab194bd002e	pjio	t	2024-08-25 20:59:39.453283	c0a80129-8ff1-179d-818f-f209a0bd0001	c0a800a7-8f42-1fde-818f-4335256b0000	\N
c0a80128-918a-1185-8191-8ab19a8d0030	ji	t	2024-08-25 20:59:40.940954	c0a80129-8ff1-179d-818f-f209a0bd0001	c0a800a7-8f42-1fde-818f-4335256b0000	\N
c0a80128-918a-1185-8191-8ab195cf002f	pjiojiji	t	2024-08-25 20:59:39.727579	c0a80129-8ff1-179d-818f-f209a0bd0001	c0a800a7-8f42-1fde-818f-4335256b0000	\N
c0a80128-918a-1185-8191-8ab19399002c	iojiopj	t	2024-08-25 20:59:39.161352	c0a80129-8ff1-179d-818f-f209a0bd0001	c0a800a7-8f42-1fde-818f-4335256b0000	\N
c0a80128-918a-1185-8191-8ac204020035	egegtgr	t	2024-08-25 21:17:36.514366	c0a80129-8ff1-179d-818f-f209a0bd0001	c0a800a7-8f42-1fde-818f-4335256b0000	\N
c0a80128-918a-1185-8191-8ab19108002a	jijij	t	2024-08-25 20:59:38.504755	c0a80129-8ff1-179d-818f-f209a0bd0001	c0a800a7-8f42-1fde-818f-4335256b0000	\N
c0a80128-918a-1185-8191-8ab19463002d	pj	t	2024-08-25 20:59:39.363351	c0a80129-8ff1-179d-818f-f209a0bd0001	c0a800a7-8f42-1fde-818f-4335256b0000	\N
c0a80128-918a-1185-8191-8ab408970034	ijij	t	2024-08-25 21:02:20.182924	c0a80129-8ff1-179d-818f-f209a0bd0001	c0a800a7-8f42-1fde-818f-4335256b0000	\N
c0a80128-918a-1185-8191-8ab3f7c40033	jijijjj	t	2024-08-25 21:02:15.876419	c0a80129-8ff1-179d-818f-f209a0bd0001	c0a800a7-8f42-1fde-818f-4335256b0000	\N
c0a80128-918a-1185-8191-8ac21c070036	gddzghre	t	2024-08-25 21:17:42.663226	c0a80129-8ff1-179d-818f-f209a0bd0001	c0a800a7-8f42-1fde-818f-4335256b0000	\N
c0a80128-918a-1185-8191-8ab218070031	jjjj	t	2024-08-25 21:00:13.062917	c0a80129-8ff1-179d-818f-f209a0bd0001	c0a800a7-8f42-1fde-818f-4335256b0000	\N
c0a80128-918a-1185-8191-8ab185530025	jkkj	t	2024-08-25 20:59:35.507359	c0a80129-8ff1-179d-818f-f209a0bd0001	c0a800a7-8f42-1fde-818f-4335256b0000	\N
c0a80128-918a-1185-8191-8ac22b2e0037	vdfbz	t	2024-08-25 21:17:46.542631	c0a80129-8ff1-179d-818f-f209a0bd0001	c0a800a7-8f42-1fde-818f-4335256b0000	\N
c0a80128-918a-1185-8191-8ab3b3590032	jjij	t	2024-08-25 21:01:58.361408	c0a80129-8ff1-179d-818f-f209a0bd0001	c0a800a7-8f42-1fde-818f-4335256b0000	\N
c0a80128-918a-1185-8191-8ac4d799003d	kkkk	t	2024-08-25 21:20:41.753378	c0a80129-8ff1-179d-818f-f209a0bd0001	c0a800a7-8f42-1fde-818f-4335256b0000	\N
c0a80128-918a-1185-8191-8ac774de0042	jjh	t	2024-08-25 21:23:33.08654	c0a80129-8ff1-179d-818f-f209a0bd0001	c0a800a7-8f42-1fde-818f-4335256b0000	\N
c0a80128-918a-1185-8191-8ac325c60039	tdhzdhrn	t	2024-08-25 21:18:50.694307	c0a80129-8ff1-179d-818f-f209a0bd0001	c0a800a7-8f42-1fde-818f-4335256b0000	\N
c0a80128-918a-1185-8191-8ac8154f0044	jjiojioj	t	2024-08-25 21:24:14.1597	c0a80129-8ff1-179d-818f-f209a0bd0001	c0a800a7-8f42-1fde-818f-4335256b0000	\N
c0a80128-918a-1185-8191-8acbbd1b0045	fghjj	t	2024-08-25 21:28:13.723168	c0a80129-8ff1-179d-818f-f209a0bd0001	c0a800a7-8f42-1fde-818f-4335256b0000	\N
c0a80128-918a-1185-8191-8ad0f3510049	kjjij	t	2024-08-25 21:33:55.281031	c0a80129-8ff1-179d-818f-f209a0bd0001	c0a800a7-8f42-1fde-818f-4335256b0000	\N
c0a80128-918a-1185-8191-8ad303f60051	jijiji	t	2024-08-25 21:36:10.613931	c0a80129-8ff1-179d-818f-f209a0bd0001	c0a800a7-8f42-1fde-818f-4335256b0000	\N
c0a80128-918a-1185-8191-8acbcad70046	okok	t	2024-08-25 21:28:17.239132	c0a80129-8ff1-179d-818f-f209a0bd0001	c0a800a7-8f42-1fde-818f-4335256b0000	\N
c0a80128-918a-1185-8191-8ad2621f004c	okokokok	t	2024-08-25 21:35:29.18297	c0a80129-8ff1-179d-818f-f209a0bd0001	c0a800a7-8f42-1fde-818f-4335256b0000	\N
c0a80128-918a-1185-8191-8ad2f3380050	gkkjkj	t	2024-08-25 21:36:06.328598	c0a80129-8ff1-179d-818f-f209a0bd0001	c0a800a7-8f42-1fde-818f-4335256b0000	\N
c0a80128-918a-1185-8191-8ad23de8004a	plplkol	t	2024-08-25 21:35:19.912632	c0a80129-8ff1-179d-818f-f209a0bd0001	c0a800a7-8f42-1fde-818f-4335256b0000	\N
c0a80128-918a-1185-8191-8acbdcce0047	okok	t	2024-08-25 21:28:21.838473	c0a80129-8ff1-179d-818f-f209a0bd0001	c0a800a7-8f42-1fde-818f-4335256b0000	\N
c0a80128-918a-1185-8191-8ad24eb4004b	kokokok	t	2024-08-25 21:35:24.212042	c0a80129-8ff1-179d-818f-f209a0bd0001	c0a800a7-8f42-1fde-818f-4335256b0000	\N
c0a80128-918a-1185-8191-8ad27c05004f	ygygyyggy	t	2024-08-25 21:35:35.81317	c0a80129-8ff1-179d-818f-f209a0bd0001	c0a800a7-8f42-1fde-818f-4335256b0000	\N
c0a80128-918a-1185-8191-8ad276c5004e	ygygygygg	t	2024-08-25 21:35:34.469387	c0a80129-8ff1-179d-818f-f209a0bd0001	c0a800a7-8f42-1fde-818f-4335256b0000	\N
c0a80128-918a-1185-8191-8ad26f3a004d	okokkokokooo	t	2024-08-25 21:35:32.538621	c0a80129-8ff1-179d-818f-f209a0bd0001	c0a800a7-8f42-1fde-818f-4335256b0000	\N
c0a80128-918a-1185-8191-8ad318f20053	ijiji	t	2024-08-25 21:36:15.98597	c0a80129-8ff1-179d-818f-f209a0bd0001	c0a800a7-8f42-1fde-818f-4335256b0000	\N
c0a80128-918a-1185-8191-8ad311970052	iijiji	t	2024-08-25 21:36:14.103329	c0a80129-8ff1-179d-818f-f209a0bd0001	c0a800a7-8f42-1fde-818f-4335256b0000	\N
c0a80128-918a-1185-8191-8ad444bd0059	k	t	2024-08-25 21:37:32.733468	c0a80129-8ff1-179d-818f-f209a0bd0001	c0a800a7-8f42-1fde-818f-4335256b0000	\N
c0a80128-918a-1185-8191-8ad6b4d5005a	dgdbbtg	t	2024-08-25 21:40:12.500717	c0a80129-8ff1-179d-818f-f209a0bd0001	c0a800a7-8f42-1fde-818f-4335256b0000	\N
c0a80128-918a-1185-8191-8ad0e3020048	sfvv	t	2024-08-25 21:33:51.106645	c0a80129-8ff1-179d-818f-f209a0bd0001	c0a800a7-8f42-1fde-818f-4335256b0000	\N
c0a80128-918a-1185-8191-8ad83e6f005c	dfvzvfvzd	t	2024-08-25 21:41:53.263373	c0a80129-8ff1-179d-818f-f209a0bd0001	c0a800a7-8f42-1fde-818f-4335256b0000	\N
c0a80128-918a-1185-8191-8ad411e40054	kokkok	t	2024-08-25 21:37:19.716653	c0a80129-8ff1-179d-818f-f209a0bd0001	c0a800a7-8f42-1fde-818f-4335256b0000	\N
c0a80128-918a-1185-8191-8ad922dc005e	zkkk	t	2024-08-25 21:42:51.740583	c0a80129-8ff1-179d-818f-f209a0bd0001	c0a800a7-8f42-1fde-818f-4335256b0000	\N
c0a80128-918a-1185-8191-8ad42b720055	okokokok	t	2024-08-25 21:37:26.258604	c0a80129-8ff1-179d-818f-f209a0bd0001	c0a800a7-8f42-1fde-818f-4335256b0000	\N
c0a80128-918a-1185-8191-8ad6bef3005b	gbgb	t	2024-08-25 21:40:15.091059	c0a80129-8ff1-179d-818f-f209a0bd0001	c0a800a7-8f42-1fde-818f-4335256b0000	\N
c0a80128-918a-1185-8191-8ad43f6e0057	okokko	t	2024-08-25 21:37:31.374699	c0a80129-8ff1-179d-818f-f209a0bd0001	c0a800a7-8f42-1fde-818f-4335256b0000	\N
c0a80128-918a-1185-8191-8ad439900056	okokok	t	2024-08-25 21:37:29.872599	c0a80129-8ff1-179d-818f-f209a0bd0001	c0a800a7-8f42-1fde-818f-4335256b0000	\N
c0a80128-918a-1185-8191-8adf67300062	kjkjkji	t	2024-08-25 21:49:42.448449	c0a80129-8ff1-179d-818f-f209a0bd0001	c0a800a7-8f42-1fde-818f-4335256b0000	\N
c0a80128-918a-1185-8191-8adbce4e0060	frdgdth	t	2024-08-25 21:45:46.701785	c0a80129-8ff1-179d-818f-f209a0bd0001	c0a800a7-8f42-1fde-818f-4335256b0000	\N
c0a80128-918a-1185-8191-8aefccb10063	dfgtdgeg	t	2024-08-25 22:07:37.006895	c0a80129-8ff1-179d-818f-f209a0bd0001	c0a800a7-8f42-1fde-818f-4335256b0000	\N
c0a80128-918a-1185-8191-8ad85bb9005d	fsrgfsr	t	2024-08-25 21:42:00.761044	c0a80129-8ff1-179d-818f-f209a0bd0001	c0a800a7-8f42-1fde-818f-4335256b0000	\N
c0a80128-918a-1185-8191-8af5cf0b0066	erfeteg	t	2024-08-25 22:14:10.827366	c0a80129-8ff1-179d-818f-f209a0bd0001	c0a800a7-8f42-1fde-818f-4335256b0000	\N
c0a80128-918a-1185-8191-8b022ec20069	jhjhuh	t	2024-08-25 22:27:41.762087	c0a80129-8ff1-179d-818f-f209a0bd0001	c0a800a7-8f42-1fde-818f-4335256b0000	\N
c0a80128-918a-1185-8191-8adb80f4005f	jhjkjhj	t	2024-08-25 21:45:26.900317	c0a80129-8ff1-179d-818f-f209a0bd0001	c0a800a7-8f42-1fde-818f-4335256b0000	\N
c0a80128-918a-1185-8191-8af500480065	gethyjut	t	2024-08-25 22:13:17.896673	c0a80129-8ff1-179d-818f-f209a0bd0001	c0a800a7-8f42-1fde-818f-4335256b0000	\N
c0a80128-9190-1188-8191-901a9d970002	fsVGRJgegj	t	2024-08-26 22:12:29.078811	c0a80129-8ff1-179d-818f-f209a0bd0001	c0a800a7-8f42-1fde-818f-4335256b0000	\N
c0a80128-9190-1188-8191-901b82130003	fsjbigjj	t	2024-08-26 22:13:27.570628	c0a80129-8ff1-179d-818f-f209a0bd0001	c0a800a7-8f42-1fde-818f-4335256b0000	\N
c0a80128-918a-1185-8191-8af06c840064	srrgthtry	t	2024-08-25 22:08:17.924336	c0a80129-8ff1-179d-818f-f209a0bd0001	c0a800a7-8f42-1fde-818f-4335256b0000	\N
c0a80128-9190-1188-8191-901752270000	hello	t	2024-08-26 22:08:53.152982	c0a80129-8ff1-179d-818f-f209a0bd0001	c0a800a7-8f42-1fde-818f-4335256b0000	\N
c0a80128-9190-1188-8191-902090470006	pklok	t	2024-08-26 22:18:58.887651	c0a80129-8ff1-179d-818f-f209a0bd0001	c0a800a7-8f42-1fde-818f-4335256b0000	\N
c0a80128-9190-1188-8191-902072b30005	fsksgrskg	t	2024-08-26 22:18:51.314956	c0a80129-8ff1-179d-818f-f209a0bd0001	c0a800a7-8f42-1fde-818f-4335256b0000	\N
c0a80128-9190-1188-8191-901dd9180004	fragrgr	t	2024-08-26 22:16:00.920541	c0a80129-8ff1-179d-818f-f209a0bd0001	c0a800a7-8f42-1fde-818f-4335256b0000	\N
c0a80128-9190-1188-8191-9018db3d0001	sfrgrsgv	t	2024-08-26 22:10:33.789122	c0a80129-8ff1-179d-818f-f209a0bd0001	c0a800a7-8f42-1fde-818f-4335256b0000	\N
c0a80128-918a-1185-8191-8ac4b4a3003c	rthfyjt	t	2024-08-25 21:20:32.803604	c0a80129-8ff1-179d-818f-f209a0bd0001	c0a800a7-8f42-1fde-818f-4335256b0000	\N
c0a80128-918a-1185-8191-8ac58fcf003e	jjjj	t	2024-08-25 21:21:28.911061	c0a80129-8ff1-179d-818f-f209a0bd0001	c0a800a7-8f42-1fde-818f-4335256b0000	\N
c0a80128-918a-1185-8191-8ac312980038	dzhrtb	t	2024-08-25 21:18:45.783806	c0a80129-8ff1-179d-818f-f209a0bd0001	c0a800a7-8f42-1fde-818f-4335256b0000	\N
c0a80128-918a-1185-8191-8ac43264003b	dtdhfhj	t	2024-08-25 21:19:59.460423	c0a80129-8ff1-179d-818f-f209a0bd0001	c0a800a7-8f42-1fde-818f-4335256b0000	\N
c0a80128-918a-1185-8191-8ac5abe80040	ioioi	t	2024-08-25 21:21:36.104748	c0a80129-8ff1-179d-818f-f209a0bd0001	c0a800a7-8f42-1fde-818f-4335256b0000	\N
c0a80128-918a-1185-8191-8ac764120041	jjhj	t	2024-08-25 21:23:28.785944	c0a80129-8ff1-179d-818f-f209a0bd0001	c0a800a7-8f42-1fde-818f-4335256b0000	\N
c0a80128-918a-1185-8191-8ac59f06003f	kopikopik	t	2024-08-25 21:21:32.806734	c0a80129-8ff1-179d-818f-f209a0bd0001	c0a800a7-8f42-1fde-818f-4335256b0000	\N
c0a80128-918a-1185-8191-8ac41a1f003a	rturhr	t	2024-08-25 21:19:53.246719	c0a80129-8ff1-179d-818f-f209a0bd0001	c0a800a7-8f42-1fde-818f-4335256b0000	\N
c0a80128-918a-1185-8191-8ac80a3a0043	kkkk	t	2024-08-25 21:24:11.32206	c0a80129-8ff1-179d-818f-f209a0bd0001	c0a800a7-8f42-1fde-818f-4335256b0000	\N
c0a80128-918a-1185-8191-8ad4437d0058	kokokkok	t	2024-08-25 21:37:32.413069	c0a80129-8ff1-179d-818f-f209a0bd0001	c0a800a7-8f42-1fde-818f-4335256b0000	\N
c0a80128-918a-1185-8191-8adf5b350061	jkkk	t	2024-08-25 21:49:39.381626	c0a80129-8ff1-179d-818f-f209a0bd0001	c0a800a7-8f42-1fde-818f-4335256b0000	\N
c0a80128-918a-1185-8191-8af5e4e40067	dgtdhtr	t	2024-08-25 22:14:16.420816	c0a80129-8ff1-179d-818f-f209a0bd0001	c0a800a7-8f42-1fde-818f-4335256b0000	\N
c0a80128-918a-1185-8191-8afe2d3d0068	ggyg	t	2024-08-25 22:23:19.229526	c0a80129-8ff1-179d-818f-f209a0bd0001	c0a800a7-8f42-1fde-818f-4335256b0000	\N
c0a80128-9190-1188-8191-902b236e0009	jkjkj	t	2024-08-26 22:30:31.918408	c0a80129-8ff1-179d-818f-f209a0bd0001	c0a800a7-8f42-1fde-818f-4335256b0000	\N
c0a80128-9190-1188-8191-902922010008	jhjij	t	2024-08-26 22:28:20.480594	c0a80129-8ff1-179d-818f-f209a0bd0001	c0a800a7-8f42-1fde-818f-4335256b0000	\N
c0a80128-9190-1188-8191-9020ba1a0007	lopolpol	t	2024-08-26 22:19:09.594673	c0a80129-8ff1-179d-818f-f209a0bd0001	c0a800a7-8f42-1fde-818f-4335256b0000	\N
c0a80128-9190-1188-8191-903aeed3000b	dfzbbt	t	2024-08-26 22:47:47.02687	c0a80129-8ff1-179d-818f-f209a0bd0001	c0a800a7-8f42-1fde-818f-4335256b0000	\N
c0a80128-9190-1188-8191-905474500011	mkmkm	t	2024-08-26 23:15:39.600407	c0a80129-8ff1-179d-818f-f209a0bd0001	c0a800a7-8f42-1fde-818f-4335256b0000	\N
c0a80128-9190-1188-8191-904156fd000e	hello	t	2024-08-26 22:54:46.908236	c0a80129-8ff1-179d-818f-f209a0bd0001	c0a800a7-8f42-1fde-818f-4335256b0000	\N
c0a80128-9190-1188-8191-903c8661000c	l,l;klo	t	2024-08-26 22:49:31.361267	c0a80129-8ff1-179d-818f-f209a0bd0001	c0a800a7-8f42-1fde-818f-4335256b0000	\N
c0a80128-9190-1188-8191-9074e5980019	kmkj	t	2024-08-26 23:51:05.752464	c0a80129-8ff1-179d-818f-f209a0bd0001	c0a800a7-8f42-1fde-818f-4335256b0000	\N
c0a80128-9190-1188-8191-90713e490018	vdfzdgtd	t	2024-08-26 23:47:06.3125	c0a80129-8ff1-179d-818f-f209a0bd0001	c0a800a7-8f42-1fde-818f-4335256b0000	\N
c0a80128-9190-1188-8191-90418b9b000f	vdgdhth	t	2024-08-26 22:55:00.378708	c0a80129-8ff1-179d-818f-f209a0bd0001	c0a800a7-8f42-1fde-818f-4335256b0000	\N
c0a80128-9190-1188-8191-9058f5ad0017	vdfzgd	t	2024-08-26 23:20:34.86136	c0a80129-8ff1-179d-818f-f209a0bd0001	c0a800a7-8f42-1fde-818f-4335256b0000	\N
c0a80128-9190-1188-8191-9056995d0014	kokjlpkkopkioj	t	2024-08-26 23:18:00.157378	c0a80129-8ff1-179d-818f-f209a0bd0001	c0a800a7-8f42-1fde-818f-4335256b0000	\N
c0a80128-9190-1188-8191-9056e24d0015	lklkkk	t	2024-08-26 23:18:18.829815	c0a80129-8ff1-179d-818f-f209a0bd0001	c0a800a7-8f42-1fde-818f-4335256b0000	\N
c0a80128-9190-1188-8191-903edb34000d	hello	t	2024-08-26 22:52:04.148074	c0a80129-8ff1-179d-818f-f209a0bd0001	c0a800a7-8f42-1fde-818f-4335256b0000	\N
c0a80128-9190-1188-8191-90548d9b0012	okokok	t	2024-08-26 23:15:46.075288	c0a80129-8ff1-179d-818f-f209a0bd0001	c0a800a7-8f42-1fde-818f-4335256b0000	\N
c0a80128-9190-1188-8191-9053cef40010	jjjjj	t	2024-08-26 23:14:57.267702	c0a80129-8ff1-179d-818f-f209a0bd0001	c0a800a7-8f42-1fde-818f-4335256b0000	\N
c0a80128-9190-1188-8191-902e3992000a	vdfzgdrg	t	2024-08-26 22:33:54.19388	c0a80129-8ff1-179d-818f-f209a0bd0001	c0a800a7-8f42-1fde-818f-4335256b0000	\N
c0a80128-919a-17f4-8191-9a6303420002	сьвььвьв	t	2024-08-28 22:07:45.858394	c0a80129-8ff1-179d-818f-f209a0bd0001	c0a800a7-8f42-1fde-818f-448922db0002	\N
c0a80128-9190-1188-8191-905795530016	sjfjrfj	t	2024-08-26 23:19:04.658966	c0a80129-8ff1-179d-818f-f209a0bd0001	c0a800a7-8f42-1fde-818f-4335256b0000	\N
c0a80128-919a-17f4-8191-9a65d51a0007	улулылы	t	2024-08-28 22:10:50.650372	c0a80129-8ff1-179d-818f-f209a0bd0001	c0a800a7-8f42-1fde-818f-448922db0002	\N
c0a80128-9190-1188-8191-9056833f0013	jjjjj	t	2024-08-26 23:17:54.495079	c0a80129-8ff1-179d-818f-f209a0bd0001	c0a800a7-8f42-1fde-818f-4335256b0000	\N
c0a80128-9190-1188-8191-907d951a001c	fergrfS	t	2024-08-27 00:00:34.970479	c0a80129-8ff1-179d-818f-f209a0bd0001	c0a800a7-8f42-1fde-818f-4335256b0000	\N
c0a80128-9190-1188-8191-90757e1c001a	fdgzgrs	t	2024-08-26 23:51:44.796165	c0a80129-8ff1-179d-818f-f209a0bd0001	c0a800a7-8f42-1fde-818f-4335256b0000	\N
c0a80128-9190-1188-8191-907d0c5b001b	jjjjj	t	2024-08-26 23:59:59.963279	c0a80129-8ff1-179d-818f-f209a0bd0001	c0a800a7-8f42-1fde-818f-4335256b0000	\N
c0a80128-9190-1188-8191-907dc7c4001d	hshshshs	t	2024-08-27 00:00:47.940448	c0a80129-8ff1-179d-818f-f209a0bd0001	c0a800a7-8f42-1fde-818f-448922db0002	\N
c0a80128-9190-1188-8191-907dd1e1001e	djsjsj	t	2024-08-27 00:00:50.528654	c0a80129-8ff1-179d-818f-f209a0bd0001	c0a800a7-8f42-1fde-818f-448922db0002	\N
c0a80128-919a-17f4-8191-9a61c5d60001	втвоов	t	2024-08-28 22:06:24.597708	c0a80129-8ff1-179d-818f-f209a0bd0001	c0a800a7-8f42-1fde-818f-448922db0002	\N
c0a80128-919a-17f4-8191-9a65c2450005	вббыбыб	t	2024-08-28 22:10:45.82931	c0a80129-8ff1-179d-818f-f209a0bd0001	c0a800a7-8f42-1fde-818f-448922db0002	\N
c0a80128-919a-17f4-8191-9a65c9da0006	дыдыдды	t	2024-08-28 22:10:47.770093	c0a80129-8ff1-179d-818f-f209a0bd0001	c0a800a7-8f42-1fde-818f-448922db0002	\N
c0a80128-919a-17f4-8191-9a65b72f0004	удвдвдв	t	2024-08-28 22:10:42.990832	c0a80129-8ff1-179d-818f-f209a0bd0001	c0a800a7-8f42-1fde-818f-448922db0002	\N
c0a80128-919a-17f4-8191-9a65ae2c0003	аьаллччл	t	2024-08-28 22:10:40.684065	c0a80129-8ff1-179d-818f-f209a0bd0001	c0a800a7-8f42-1fde-818f-448922db0002	\N
c0a80128-919a-17f4-8191-9a65e62b0008	лклалвлв	t	2024-08-28 22:10:55.019217	c0a80129-8ff1-179d-818f-f209a0bd0001	c0a800a7-8f42-1fde-818f-448922db0002	\N
c0a80128-919a-17f4-8191-9a61b1870000	привет 	t	2024-08-28 22:06:19.393551	c0a80129-8ff1-179d-818f-f209a0bd0001	c0a800a7-8f42-1fde-818f-448922db0002	\N
c0a80128-919a-17f4-8191-9a67c58b0009	лсчлчьчь	t	2024-08-28 22:12:57.739281	c0a80129-8ff1-179d-818f-f209a0bd0001	c0a800a7-8f42-1fde-818f-448922db0002	\N
c0a80128-919a-17f4-8191-9a67e9da000a	gergtgeg	t	2024-08-28 22:13:07.034008	c0a80129-8ff1-179d-818f-f209a0bd0001	c0a800a7-8f42-1fde-818f-4335256b0000	\N
c0a80128-919a-17f4-8191-9a681f9a000b	gdrhzr	t	2024-08-28 22:13:20.793852	c0a80129-8ff1-179d-818f-f209a0bd0001	c0a800a7-8f42-1fde-818f-4335256b0000	\N
c0a80128-919a-17f4-8191-9a6b2d11000c	kokopl	t	2024-08-28 22:16:40.848865	c0a80129-8ff1-179d-818f-f209a0bd0001	c0a800a7-8f42-1fde-818f-4335256b0000	\N
c0a80128-919a-17f4-8191-9a6b4e84000d	чвьвлвл	t	2024-08-28 22:16:49.412308	c0a80129-8ff1-179d-818f-f209a0bd0001	c0a800a7-8f42-1fde-818f-448922db0002	\N
c0a80128-919a-17f4-8191-9a6dcdc6000e	сьчьчььы	t	2024-08-28 22:19:33.062034	c0a80129-8ff1-179d-818f-f209a0bd0001	c0a800a7-8f42-1fde-818f-448922db0002	\N
c0a80128-919a-17f4-8191-9a6dfe80000f	frsgsrg	t	2024-08-28 22:19:45.536236	c0a80129-8ff1-179d-818f-f209a0bd0001	c0a800a7-8f42-1fde-818f-4335256b0000	\N
c0a80128-919a-17f4-8191-9a70a54e0010	гаочялья	t	2024-08-28 22:22:39.309827	c0a80129-8ff1-179d-818f-f209a0bd0001	c0a800a7-8f42-1fde-818f-448922db0002	\N
c0a80128-919a-17f4-8191-9a70af2b0011	ллулццл	t	2024-08-28 22:22:41.835525	c0a80129-8ff1-179d-818f-f209a0bd0001	c0a800a7-8f42-1fde-818f-448922db0002	\N
c0a80128-919a-17f4-8191-9a7b722b0012	vdgrsg	t	2024-08-28 22:34:27.115698	c0a80129-8ff1-179d-818f-f209a0bd0001	c0a800a7-8f42-1fde-818f-4335256b0000	\N
c0a80128-919a-17f4-8191-9a7bb1840013	gtryru	t	2024-08-28 22:34:43.332491	c0a80129-8ff1-179d-818f-f209a0bd0001	c0a800a7-8f42-1fde-818f-4335256b0000	\N
c0a80128-919a-17f4-8191-9a8033860014	hello	t	2024-08-28 22:39:38.758279	c0a80129-8ff1-179d-818f-f209a0bd0001	c0a800a7-8f42-1fde-818f-4335256b0000	\N
c0a80128-919a-17f4-8191-9a8058fe0015	hello	t	2024-08-28 22:39:48.349846	c0a80129-8ff1-179d-818f-f209a0bd0001	c0a800a7-8f42-1fde-818f-4335256b0000	\N
c0a80128-919a-17f4-8191-9a8088f30016	hello	t	2024-08-28 22:40:00.627209	c0a80129-8ff1-179d-818f-f209a0bd0001	c0a800a7-8f42-1fde-818f-448922db0002	\N
c0a80128-919a-17f4-8191-9a82324b0017	fsrgraeg	t	2024-08-28 22:41:49.515575	c0a80129-8ff1-179d-818f-f209a0bd0001	c0a800a7-8f42-1fde-818f-4335256b0000	\N
c0a80128-919a-1a70-8191-9abca8f20001	tstets	t	2024-08-28 23:45:40.97823	c0a80129-8ff1-179d-818f-f209a0bd0001	c0a800a7-8f42-1fde-818f-4335256b0000	\N
c0a80128-919a-1c38-8191-9aeba8d30001	testret	t	2024-08-29 00:37:01.137891	c0a80129-8ff1-179d-818f-f209a0bd0001	c0a800a7-8f42-1fde-818f-4335256b0000	\N
c0a80128-919a-1a39-8191-9acab5320000	fssgrfz	t	2024-08-29 00:01:01.613569	c0a80129-8ff1-179d-818f-f209a0bd0001	c0a800a7-8f42-1fde-818f-4335256b0000	\N
c0a80128-919a-17f4-8191-9aa6615a001a	frdszgzsrgeh	t	2024-08-28 23:21:20.85779	c0a80129-8ff1-179d-818f-f209a0bd0001	c0a800a7-8f42-1fde-818f-4335256b0000	\N
c0a80128-919a-17f4-8191-9ab6743e001c	test	t	2024-08-28 23:38:54.270276	c0a80129-8ff1-179d-818f-f209a0bd0001	c0a800a7-8f42-1fde-818f-4335256b0000	\N
c0a80128-919a-1c38-8191-9accc0740000	test	t	2024-08-29 00:03:15.570162	c0a80129-8ff1-179d-818f-f209a0bd0001	c0a800a7-8f42-1fde-818f-4335256b0000	\N
c0a80128-919a-1c38-8191-9b01cf050005	jjjjj	t	2024-08-29 01:01:12.709139	c0a80129-8ff1-179d-818f-f209a0bd0001	c0a800a7-8f42-1fde-818f-4335256b0000	\N
c0a80128-919f-17a6-8191-9fbecd7d0003	kek	t	2024-08-29 23:06:07.484736	c0a80129-8ff1-179d-818f-f209a0bd0001	c0a800a7-8f42-1fde-818f-4335256b0000	\N
c0a80128-919f-17a6-8191-9f83a2320001	gay	t	2024-08-29 22:01:29.778365	c0a80129-8ff1-179d-818f-f209a0bd0001	c0a800a7-8f42-1fde-818f-4335256b0000	\N
c0a80128-919a-1c38-8191-9af8a7b20003	drrggrgrgae	t	2024-08-29 00:51:12.817955	c0a80129-8ff1-179d-818f-f209a0bd0001	c0a800a7-8f42-1fde-818f-4335256b0000	\N
c0a80128-919f-17a6-8191-9f82afb10000	gay	t	2024-08-29 22:00:27.691928	c0a80129-8ff1-179d-818f-f209a0bd0001	c0a800a7-8f42-1fde-818f-4335256b0000	\N
c0a80128-919a-1c38-8191-9aff29d00004	fsrgsr	t	2024-08-29 00:58:19.344664	c0a80129-8ff1-179d-818f-f209a0bd0001	c0a800a7-8f42-1fde-818f-4335256b0000	\N
c0a80128-919f-17a6-8191-9fbb42ef0002	tdhdsthhs	t	2024-08-29 23:02:15.406585	c0a80129-8ff1-179d-818f-f209a0bd0001	c0a800a7-8f42-1fde-818f-4335256b0000	\N
c0a80128-919a-1f51-8191-9abffea80000	etgth	t	2024-08-28 23:49:19.525368	c0a80129-8ff1-179d-818f-f209a0bd0001	c0a800a7-8f42-1fde-818f-4335256b0000	\N
c0a80128-919f-17a6-8191-9fc6af150005	raesfgrs	t	2024-08-29 23:14:43.989642	c0a80129-8ff1-179d-818f-f209a0bd0001	c0a800a7-8f42-1fde-818f-4335256b0000	\N
c0a80128-919a-17f4-8191-9a9fc5840019	frsgsrg	t	2024-08-28 23:14:07.747627	c0a80129-8ff1-179d-818f-f209a0bd0001	c0a800a7-8f42-1fde-818f-4335256b0000	\N
c0a80128-919a-1a70-8191-9abdcc5d0002	hjkjhgf	t	2024-08-28 23:46:55.581306	c0a80129-8ff1-179d-818f-f209a0bd0001	c0a800a7-8f42-1fde-818f-4335256b0000	\N
c0a80128-919a-1a70-8191-9abba8560000	test2	t	2024-08-28 23:44:35.284534	c0a80129-8ff1-179d-818f-f209a0bd0001	c0a800a7-8f42-1fde-818f-4335256b0000	\N
c0a80128-919a-17f4-8191-9aa70560001b	cdsfvsr	t	2024-08-28 23:22:02.848003	c0a80129-8ff1-179d-818f-f209a0bd0001	c0a800a7-8f42-1fde-818f-4335256b0000	\N
c0a80128-919a-1c38-8191-9aee936c0002	sgfsgsrfg	t	2024-08-29 00:40:12.26751	c0a80129-8ff1-179d-818f-f209a0bd0001	c0a800a7-8f42-1fde-818f-4335256b0000	\N
c0a80128-919f-17a6-8191-9fc36bf60004	bnm	t	2024-08-29 23:11:10.198617	c0a80129-8ff1-179d-818f-f209a0bd0001	c0a800a7-8f42-1fde-818f-4335256b0000	\N
c0a80128-919f-17a6-8191-9fe176b7000a	frsgGS	t	2024-08-29 23:43:59.031691	c0a80129-8ff1-179d-818f-f209a0bd0001	c0a800a7-8f42-1fde-818f-4335256b0000	\N
c0a80128-919f-17a6-8191-9fce8ca80007	sfs	t	2024-08-29 23:23:19.464236	c0a80129-8ff1-179d-818f-f209a0bd0001	c0a800a7-8f42-1fde-818f-4335256b0000	\N
c0a80128-91a8-1d57-8191-a8c78ff60004	frger	t	2024-08-31 17:12:16.501906	c0a80129-8ff1-179d-818f-f209a0bd0001	c0a800a7-8f42-1fde-818f-4335256b0000	\N
c0a80128-919f-17a6-8191-9fd4dea40008	ghj	t	2024-08-29 23:30:13.668376	c0a80129-8ff1-179d-818f-f209a0bd0001	c0a800a7-8f42-1fde-818f-4335256b0000	\N
c0a80128-919f-17a6-8191-9fdb247e0009	fregetg	t	2024-08-29 23:37:04.766574	c0a80129-8ff1-179d-818f-f209a0bd0001	c0a800a7-8f42-1fde-818f-4335256b0000	\N
c0a80128-91a8-1d57-8191-a8bbae120001	gdthjm	t	2024-08-31 16:59:17.778151	c0a80129-8ff1-179d-818f-f209a0bd0001	c0a800a7-8f42-1fde-818f-4335256b0000	\N
c0a80128-91a8-1d57-8191-a8b8f51e0000	jjjjj	t	2024-08-31 16:56:19.356158	c0a80129-8ff1-179d-818f-f209a0bd0001	c0a800a7-8f42-1fde-818f-4335256b0000	\N
c0a80128-91a8-1d57-8191-a8c6753c0003	vsfvfv	t	2024-08-31 17:11:04.124404	c0a80129-8ff1-179d-818f-f209a0bd0001	c0a800a7-8f42-1fde-818f-4335256b0000	\N
c0a80128-919f-17a6-8191-9fcc8e580006	sdvsv	t	2024-08-29 23:21:08.82398	c0a80129-8ff1-179d-818f-f209a0bd0001	c0a800a7-8f42-1fde-818f-4335256b0000	\N
c0a80128-919f-17a6-8191-9febeac4000b	frefrag	t	2024-08-29 23:55:24.100243	c0a80129-8ff1-179d-818f-f209a0bd0001	c0a800a7-8f42-1fde-818f-4335256b0000	\N
c0a80128-91a8-1d57-8191-a8c519cb0002	jjjj	t	2024-08-31 17:09:35.178607	c0a80129-8ff1-179d-818f-f209a0bd0001	c0a800a7-8f42-1fde-818f-4335256b0000	\N
c0a80128-91a8-1d57-8191-a8cc00260006	ffg	t	2024-08-31 17:17:07.365134	c0a80129-8ff1-179d-818f-f209a0bd0001	c0a800a7-8f42-1fde-818f-4335256b0000	\N
c0a80128-91a8-1d57-8191-a8c96f950005	frsgg	t	2024-08-31 17:14:19.285495	c0a80129-8ff1-179d-818f-f209a0bd0001	c0a800a7-8f42-1fde-818f-4335256b0000	\N
c0a80128-91a8-1d57-8191-a8f566170007	grsgge	t	2024-08-31 18:02:20.438636	c0a80129-8ff1-179d-818f-f209a0bd0001	c0a800a7-8f42-1fde-818f-4335256b0000	\N
c0a80128-91a8-1d57-8191-a8fc870f000c	Test	t	2024-08-31 18:10:07.631054	c0a80129-8ff1-179d-818f-f209a0bd0001	c0a800a7-8f42-1fde-818f-448922db0002	\N
c0a80128-91a8-1d57-8191-a90123c4000e	Test	t	2024-08-31 18:15:09.89208	c0a80129-8ff1-179d-818f-f209a0bd0001	c0a800a7-8f42-1fde-818f-448922db0002	\N
c0a80128-91a8-1d57-8191-a902c6da0010	Hdjdj	t	2024-08-31 18:16:57.178251	c0a80129-8ff1-179d-818f-f209a0bd0001	c0a800a7-8f42-1fde-818f-448922db0002	\N
c0a80128-91a8-1d57-8191-a8f6d4300008	hjijij	t	2024-08-31 18:03:54.160198	c0a80129-8ff1-179d-818f-f209a0bd0001	c0a800a7-8f42-1fde-818f-4335256b0000	\N
c0a80128-91a8-1d57-8191-a8f839ec0009	jhj	t	2024-08-31 18:05:25.740335	c0a80129-8ff1-179d-818f-f209a0bd0001	c0a800a7-8f42-1fde-818f-4335256b0000	\N
c0a80128-91a8-1d57-8191-a8fa0a4f000a	jkk	t	2024-08-31 18:07:24.622844	c0a80129-8ff1-179d-818f-f209a0bd0001	c0a800a7-8f42-1fde-818f-4335256b0000	\N
c0a80128-91a8-1d57-8191-a90110ef000d	fjsfhfj	t	2024-08-31 18:15:05.071601	c0a80129-8ff1-179d-818f-f209a0bd0001	c0a800a7-8f42-1fde-818f-4335256b0000	\N
c0a80128-91a8-1d57-8191-a907638c0012	yhujlkjio	t	2024-08-31 18:21:59.436769	c0a80129-8ff1-179d-818f-f209a0bd0001	c0a800a7-8f42-1fde-818f-4335256b0000	\N
c0a80128-91a8-1d57-8191-a902b149000f	vvdrgdrg	t	2024-08-31 18:16:51.656797	c0a80129-8ff1-179d-818f-f209a0bd0001	c0a800a7-8f42-1fde-818f-4335256b0000	\N
c0a80128-91a8-1d57-8191-a8fc6793000b	jkkkk	t	2024-08-31 18:09:59.571479	c0a80129-8ff1-179d-818f-f209a0bd0001	c0a800a7-8f42-1fde-818f-4335256b0000	\N
c0a80128-91a8-1d57-8191-a905d0b60011	okokoikj	t	2024-08-31 18:20:16.310508	c0a80129-8ff1-179d-818f-f209a0bd0001	c0a800a7-8f42-1fde-818f-4335256b0000	\N
c0a80128-91a8-1d57-8191-a90772860013	Fjdjdj	t	2024-08-31 18:22:03.270253	c0a80129-8ff1-179d-818f-f209a0bd0001	c0a800a7-8f42-1fde-818f-448922db0002	\N
c0a80128-91a8-1d57-8191-a908545a0015	Test	t	2024-08-31 18:23:01.082626	c0a80129-8ff1-179d-818f-f209a0bd0001	c0a800a7-8f42-1fde-818f-448922db0002	\N
c0a80128-91a8-1d57-8191-a90a2fea0017	Djjdjd	t	2024-08-31 18:25:02.826228	c0a80129-8ff1-179d-818f-f209a0bd0001	c0a800a7-8f42-1fde-818f-448922db0002	\N
c0a80128-91a8-1d57-8191-a90ce3740019	Tedt	t	2024-08-31 18:27:59.860518	c0a80129-8ff1-179d-818f-f209a0bd0001	c0a800a7-8f42-1fde-818f-448922db0002	\N
c0a80128-91a8-1d57-8191-a9083cfd0014	fsrgroggog	t	2024-08-31 18:22:55.10128	c0a80129-8ff1-179d-818f-f209a0bd0001	c0a800a7-8f42-1fde-818f-4335256b0000	\N
c0a80128-91a8-1d57-8191-a90cd31c0018	frsgrwg	t	2024-08-31 18:27:55.676294	c0a80129-8ff1-179d-818f-f209a0bd0001	c0a800a7-8f42-1fde-818f-4335256b0000	\N
c0a80128-91a8-1d57-8191-a90f4566001a	fhdth	t	2024-08-31 18:30:36.005796	c0a80129-8ff1-179d-818f-f209a0bd0001	c0a800a7-8f42-1fde-818f-4335256b0000	\N
c0a80128-91a8-1d57-8191-a90a18c70016	dhufesufh	t	2024-08-31 18:24:56.903466	c0a80129-8ff1-179d-818f-f209a0bd0001	c0a800a7-8f42-1fde-818f-4335256b0000	\N
c0a80128-91a8-1d57-8191-a90f9047001c	frwsfsgr	t	2024-08-31 18:30:55.174996	c0a80129-8ff1-179d-818f-f209a0bd0001	c0a800a7-8f42-1fde-818f-4335256b0000	\N
c0a80128-91a8-1d57-8191-a91b1759001d	hdjsjs	t	2024-08-31 18:43:30.649104	c0a80129-8ff1-179d-818f-f209a0bd0001	c0a800a7-8f42-1fde-818f-448922db0002	\N
c0a80128-91a8-1d57-8191-a90f7a59001b	Test	t	2024-08-31 18:30:49.561583	c0a80129-8ff1-179d-818f-f209a0bd0001	c0a800a7-8f42-1fde-818f-448922db0002	\N
c0a80128-91a8-1d57-8191-a91b7c5d001e	fudjjssj	t	2024-08-31 18:43:56.508883	c0a80129-8ff1-179d-818f-f209a0bd0001	c0a800a7-8f42-1fde-818f-448922db0002	\N
c0a80128-91a8-1d57-8191-a91ec3f4001f	dhdhshhz	t	2024-08-31 18:47:31.444401	c0a80129-8ff1-179d-818f-f209a0bd0001	c0a800a7-8f42-1fde-818f-448922db0002	\N
c0a80128-91a8-1d57-8191-a91ef5270020	yfudud	t	2024-08-31 18:47:44.039373	c0a80129-8ff1-179d-818f-f209a0bd0001	c0a800a7-8f42-1fde-818f-448922db0002	\N
c0a80128-91a8-1d57-8191-a91f08fa0021	rururue	t	2024-08-31 18:47:49.114751	c0a80129-8ff1-179d-818f-f209a0bd0001	c0a800a7-8f42-1fde-818f-448922db0002	\N
c0a80128-91a8-1d57-8191-a91f0df40022	eieiei	t	2024-08-31 18:47:50.387908	c0a80129-8ff1-179d-818f-f209a0bd0001	c0a800a7-8f42-1fde-818f-448922db0002	\N
c0a80128-91a8-1d57-8191-a932773a0025	алшавд	t	2024-08-31 19:09:02.522289	c0a80129-8ff1-179d-818f-f209a0bd0001	c0a800a7-8f42-1fde-818f-448922db0002	\N
c0a80128-91a8-1d57-8191-a932811f0028	у	t	2024-08-31 19:09:05.055252	c0a80129-8ff1-179d-818f-f209a0bd0001	c0a800a7-8f42-1fde-818f-448922db0002	\N
c0a80128-91a8-1d57-8191-a93218c20023	лалвыььы	t	2024-08-31 19:08:38.338357	c0a80129-8ff1-179d-818f-f209a0bd0001	c0a800a7-8f42-1fde-818f-448922db0002	\N
c0a80128-91a8-1d57-8191-a9326f310024	лавлчо	t	2024-08-31 19:09:00.465418	c0a80129-8ff1-179d-818f-f209a0bd0001	c0a800a7-8f42-1fde-818f-448922db0002	\N
c0a80128-91a8-1d57-8191-a9328759002d	к	t	2024-08-31 19:09:06.64897	c0a80129-8ff1-179d-818f-f209a0bd0001	c0a800a7-8f42-1fde-818f-448922db0002	\N
c0a80128-91a8-1d57-8191-a9327fde0027	дущуду	t	2024-08-31 19:09:04.73452	c0a80129-8ff1-179d-818f-f209a0bd0001	c0a800a7-8f42-1fde-818f-448922db0002	\N
c0a80128-91a8-1d57-8191-a93284cd002b	п	t	2024-08-31 19:09:05.997855	c0a80129-8ff1-179d-818f-f209a0bd0001	c0a800a7-8f42-1fde-818f-448922db0002	\N
c0a80128-91a8-1d57-8191-a9328cd7002e	ухужзузу	t	2024-08-31 19:09:08.055893	c0a80129-8ff1-179d-818f-f209a0bd0001	c0a800a7-8f42-1fde-818f-448922db0002	\N
c0a80128-91a8-1d57-8191-a9327b6d0026	шавл	t	2024-08-31 19:09:03.597666	c0a80129-8ff1-179d-818f-f209a0bd0001	c0a800a7-8f42-1fde-818f-448922db0002	\N
c0a80128-91a8-1d57-8191-a932837f002a	к	t	2024-08-31 19:09:05.663114	c0a80129-8ff1-179d-818f-f209a0bd0001	c0a800a7-8f42-1fde-818f-448922db0002	\N
c0a80128-91a8-1d57-8191-a932824f0029	к	t	2024-08-31 19:09:05.359412	c0a80129-8ff1-179d-818f-f209a0bd0001	c0a800a7-8f42-1fde-818f-448922db0002	\N
c0a80128-91a8-1d57-8191-a9503d330030	вбдвдв	t	2024-08-31 19:41:33.747372	c0a80129-8ff1-179d-818f-f209a0bd0001	c0a800a7-8f42-1fde-818f-448922db0002	\N
c0a80128-91a8-1d57-8191-a932907e002f	кш	t	2024-08-31 19:09:08.990844	c0a80129-8ff1-179d-818f-f209a0bd0001	c0a800a7-8f42-1fde-818f-448922db0002	\N
c0a80128-91a8-1d57-8191-a9328610002c	н	t	2024-08-31 19:09:06.320259	c0a80129-8ff1-179d-818f-f209a0bd0001	c0a800a7-8f42-1fde-818f-448922db0002	\N
c0a80128-91a8-1d57-8191-a950bc2d0031	аовглв	t	2024-08-31 19:42:06.253784	c0a80129-8ff1-179d-818f-f209a0bd0001	c0a800a7-8f42-1fde-818f-448922db0002	\N
c0a80128-91a8-1d57-8191-a950d6140032	лклклу	t	2024-08-31 19:42:12.883893	c0a80129-8ff1-179d-818f-f209a0bd0001	c0a800a7-8f42-1fde-818f-448922db0002	\N
c0a80128-91a8-1d57-8191-a957bfed0037	ьчтчьчв	t	2024-08-31 19:49:45.965224	c0a80129-8ff1-179d-818f-f209a0bd0001	c0a800a7-8f42-1fde-818f-448922db0002	\N
c0a80128-91a8-1d57-8191-a9585ed60038	олд	t	2024-08-31 19:50:26.646513	c0a80129-8ff1-179d-818f-f209a0bd0001	c0a800a7-8f42-1fde-818f-448922db0002	\N
c0a80128-91a8-1d57-8191-a958a0df0039	сллададв	t	2024-08-31 19:50:43.551658	c0a80129-8ff1-179d-818f-f209a0bd0001	c0a800a7-8f42-1fde-818f-448922db0002	\N
c0a80128-91a8-1d57-8191-a95458de0034	гшщщ	t	2024-08-31 19:46:02.974384	c0a80129-8ff1-179d-818f-f209a0bd0001	c0a800a7-8f42-1fde-818f-448922db0002	\N
c0a80128-91a8-1d57-8191-a9522adf0033	рнгллшалввд	t	2024-08-31 19:43:40.127376	c0a80129-8ff1-179d-818f-f209a0bd0001	c0a800a7-8f42-1fde-818f-448922db0002	\N
c0a80128-91a8-1d57-8191-a95653b20036	о9шшщ	t	2024-08-31 19:48:12.722741	c0a80129-8ff1-179d-818f-f209a0bd0001	c0a800a7-8f42-1fde-818f-448922db0002	\N
c0a80128-91a8-1d57-8191-a95577ac0035	кушышылвш	t	2024-08-31 19:47:16.396289	c0a80129-8ff1-179d-818f-f209a0bd0001	c0a800a7-8f42-1fde-818f-448922db0002	\N
c0a80128-91a8-1d57-8191-a9610352003a	оччллв	t	2024-08-31 19:59:53.042582	c0a80129-8ff1-179d-818f-f209a0bd0001	c0a800a7-8f42-1fde-818f-448922db0002	\N
c0a80128-91a8-1d57-8191-a982582b003c	вовллыыь	t	2024-08-31 20:36:17.45163	c0a80129-8ff1-179d-818f-f209a0bd0001	c0a800a7-8f42-1fde-818f-448922db0002	\N
c0a80128-91a8-1d57-8191-a9614e1c003b	ададвдвдлдвлвлвк6г=овл	t	2024-08-31 20:00:12.188872	c0a80129-8ff1-179d-818f-f209a0bd0001	c0a800a7-8f42-1fde-818f-448922db0002	\N
c0a80128-91a8-1d57-8191-a9828933003d	fdgdzhtdh	t	2024-08-31 20:36:30.003305	c0a80129-8ff1-179d-818f-f209a0bd0001	c0a800a7-8f42-1fde-818f-4335256b0000	\N
c0a80128-91a8-1d57-8191-a987c26b003e	drgzdhth	t	2024-08-31 20:42:12.331613	c0a80129-8ff1-179d-818f-f209a0bd0001	c0a800a7-8f42-1fde-818f-4335256b0000	\N
c0a80128-91a8-1d57-8191-a987dc87003f	vvfdghtd	t	2024-08-31 20:42:19.014895	c0a80129-8ff1-179d-818f-f209a0bd0001	c0a800a7-8f42-1fde-818f-4335256b0000	\N
c0a80128-91a8-1d57-8191-a9aadf7b0042	а тететл	t	2024-08-31 21:20:33.531712	c0a80129-8ff1-179d-818f-f209a0bd0001	c0a800a7-8f42-1fde-818f-448922db0002	\N
c0a80128-91a8-1d57-8191-a9a9d9f80041	псчвва	t	2024-08-31 21:19:26.584544	c0a80129-8ff1-179d-818f-f209a0bd0001	c0a800a7-8f42-1fde-818f-448922db0002	\N
c0a80128-91a8-1d57-8191-a9aafc3d0043	аггбгдкд	t	2024-08-31 21:20:40.893433	c0a80129-8ff1-179d-818f-f209a0bd0001	c0a800a7-8f42-1fde-818f-448922db0002	\N
c0a80128-91a8-1d57-8191-a98809060040	Лалвдвдв	t	2024-08-31 20:42:30.405879	c0a80129-8ff1-179d-818f-f209a0bd0001	c0a800a7-8f42-1fde-818f-448922db0002	\N
c0a80128-91a8-1d57-8191-a9ab121d0044	gtrhrh5rh	t	2024-08-31 21:20:46.49307	c0a80129-8ff1-179d-818f-f209a0bd0001	c0a800a7-8f42-1fde-818f-4335256b0000	\N
c0a80128-91ad-133e-8191-ad0ffb490000	regr5urur	t	2024-09-01 13:09:51.432399	c0a80129-8ff1-179d-818f-f209a0bd0001	c0a800a7-8f42-1fde-818f-4335256b0000	\N
c0a80128-91ad-133e-8191-ad103f3e0002	zujssjjdjd	t	2024-09-01 13:10:08.830275	c0a80129-8ff1-179d-818f-f209a0bd0001	c0a800a7-8f42-1fde-818f-448922db0002	\N
c0a80128-91ad-133e-8191-ad102dc60001	rjejsjsj	t	2024-09-01 13:10:04.358498	c0a80129-8ff1-179d-818f-f209a0bd0001	c0a800a7-8f42-1fde-818f-448922db0002	\N
c0a80128-91ad-133e-8191-ad108e340003	gtrhstrh5	t	2024-09-01 13:10:29.044351	c0a80129-8ff1-179d-818f-f209a0bd0001	c0a800a7-8f42-1fde-818f-4335256b0000	\N
c0a80128-91ad-133e-8191-ad1108e70005	kjjjj	t	2024-09-01 13:11:00.454953	c0a80129-8ff1-179d-818f-f209a0bd0001	c0a800a7-8f42-1fde-818f-4335256b0000	\N
c0a80128-91ad-133e-8191-ad10da790004	kjkjij	t	2024-09-01 13:10:48.568617	c0a80129-8ff1-179d-818f-f209a0bd0001	c0a800a7-8f42-1fde-818f-4335256b0000	\N
c0a80128-91ad-133e-8191-ad13cc550006	jhioji	t	2024-09-01 13:14:01.556702	c0a80129-8ff1-179d-818f-f209a0bd0001	c0a800a7-8f42-1fde-818f-4335256b0000	\N
c0a80128-91ad-133e-8191-ad1517d00007	gegjeijtgij	t	2024-09-01 13:15:26.416273	c0a80129-8ff1-179d-818f-f209a0bd0001	c0a800a7-8f42-1fde-818f-4335256b0000	\N
c0a80128-91ad-133e-8191-ad153aa50008	gjergjejthitjigjtgj	t	2024-09-01 13:15:35.333124	c0a80129-8ff1-179d-818f-f209a0bd0001	c0a800a7-8f42-1fde-818f-4335256b0000	\N
c0a80128-91ad-133e-8191-ad155d030009	gergeeh	t	2024-09-01 13:15:44.131352	c0a80129-8ff1-179d-818f-f209a0bd0001	c0a800a7-8f42-1fde-818f-4335256b0000	\N
c0a80128-91ad-133e-8191-ad15824e000a	Test	t	2024-09-01 13:15:53.678518	c0a80129-8ff1-179d-818f-f209a0bd0001	c0a800a7-8f42-1fde-818f-448922db0002	\N
c0a80128-91ad-11c8-8191-ad384c230003	Test	t	2024-09-01 13:53:53.570995	c0a80129-8ff1-179d-818f-f209a0bd0001	c0a800a7-8f42-1fde-818f-448922db0002	\N
c0a80128-91ad-133e-8191-ad2119e9000b	egae54y5	t	2024-09-01 13:28:33.385564	c0a80129-8ff1-179d-818f-f209a0bd0001	c0a800a7-8f42-1fde-818f-4335256b0000	\N
c0a80128-91ad-11c8-8191-ad3aa3560004	huhihui	t	2024-09-01 13:56:26.966046	c0a80129-8ff1-179d-818f-f209a0bd0001	c0a800a7-8f42-1fde-818f-4335256b0000	\N
c0a80128-91ad-11c8-8191-ad22f9ad0001	bfghxfj	t	2024-09-01 13:30:36.205356	c0a80129-8ff1-179d-818f-f209a0bd0001	c0a800a7-8f42-1fde-818f-4335256b0000	\N
c0a80128-91ad-11c8-8191-ad2289e50000	gtrhstrhsr	t	2024-09-01 13:30:07.582907	c0a80129-8ff1-179d-818f-f209a0bd0001	c0a800a7-8f42-1fde-818f-4335256b0000	\N
c0a80128-91ad-11c8-8191-ad3838520002	test	t	2024-09-01 13:53:48.498117	c0a80129-8ff1-179d-818f-f209a0bd0001	c0a800a7-8f42-1fde-818f-4335256b0000	\N
c0a80128-91ad-11c8-8191-ad3ab9230005	Vvhbhh	t	2024-09-01 13:56:32.546976	c0a80129-8ff1-179d-818f-f209a0bd0001	c0a800a7-8f42-1fde-818f-448922db0002	\N
c0a80128-91ad-11c8-8191-ad480c190007	Test	t	2024-09-01 14:11:05.753513	c0a80129-8ff1-179d-818f-f209a0bd0001	c0a800a7-8f42-1fde-818f-448922db0002	\N
c0a80128-91ad-11c8-8191-ad47f4d60006	gdhdh	t	2024-09-01 14:10:59.797764	c0a80129-8ff1-179d-818f-f209a0bd0001	c0a800a7-8f42-1fde-818f-4335256b0000	\N
c0a80128-91ad-11c8-8191-ad49a1f70008	djdjdjdj	t	2024-09-01 14:12:49.65512	c0a80129-8ff1-179d-818f-f209a0bd0001	c0a800a7-8f42-1fde-818f-448922db0002	\N
c0a80128-91ad-11c8-8191-ad49cfa2000a	Test	t	2024-09-01 14:13:01.346037	c0a80129-8ff1-179d-818f-f209a0bd0001	c0a800a7-8f42-1fde-818f-448922db0002	\N
c0a80128-91ad-11c8-8191-ad4ce4b6000c	 Ffbbbgbbg	t	2024-09-01 14:16:23.35031	c0a80129-8ff1-179d-818f-f209a0bd0001	c0a800a7-8f42-1fde-818f-448922db0002	\N
c0a80128-91ad-1f43-8191-ad553a220001	Test	t	2024-09-01 14:25:29.506227	c0a80129-8ff1-179d-818f-f209a0bd0001	c0a800a7-8f42-1fde-818f-448922db0002	\N
c0a80128-91ad-1f43-8191-ad5733f80003	Test	t	2024-09-01 14:27:39.000523	c0a80129-8ff1-179d-818f-f209a0bd0001	c0a800a7-8f42-1fde-818f-448922db0002	\N
c0a80128-91ad-19a7-8191-ad60492a0001	 Оотгтги	t	2024-09-01 14:37:34.250471	c0a80129-8ff1-179d-818f-f209a0bd0001	c0a800a7-8f42-1fde-818f-448922db0002	\N
c0a80128-91ad-19a7-8191-ad62ae1e0003	Ноо6о7тшт	t	2024-09-01 14:40:11.166286	c0a80129-8ff1-179d-818f-f209a0bd0001	c0a800a7-8f42-1fde-818f-448922db0002	\N
c0a80128-91ad-1330-8191-ad6406e70001	П5р55р6	t	2024-09-01 14:41:39.430861	c0a80129-8ff1-179d-818f-f209a0bd0001	c0a800a7-8f42-1fde-818f-448922db0002	\N
c0a80128-91ad-11c8-8191-ad49b8b40009	htfhjfj	t	2024-09-01 14:12:55.476049	c0a80129-8ff1-179d-818f-f209a0bd0001	c0a800a7-8f42-1fde-818f-4335256b0000	\N
c0a80128-91ad-11c8-8191-ad4ca393000b	gtrhjh	t	2024-09-01 14:16:06.67544	c0a80129-8ff1-179d-818f-f209a0bd0001	c0a800a7-8f42-1fde-818f-4335256b0000	\N
c0a80128-91ad-1f43-8191-ad5525430000	jfsjfjj	t	2024-09-01 14:25:24.162532	c0a80129-8ff1-179d-818f-f209a0bd0001	c0a800a7-8f42-1fde-818f-4335256b0000	\N
c0a80128-91ad-1330-8191-ad63f5160000	jjj	t	2024-09-01 14:41:34.866948	c0a80129-8ff1-179d-818f-f209a0bd0001	c0a800a7-8f42-1fde-818f-4335256b0000	\N
c0a80128-91ad-19a7-8191-ad6039e40000	bjnjnj	t	2024-09-01 14:37:30.337607	c0a80129-8ff1-179d-818f-f209a0bd0001	c0a800a7-8f42-1fde-818f-4335256b0000	\N
c0a80128-91ad-1f43-8191-ad5714ef0002	hjijuihjh	t	2024-09-01 14:27:31.054858	c0a80129-8ff1-179d-818f-f209a0bd0001	c0a800a7-8f42-1fde-818f-4335256b0000	\N
c0a80128-91ad-19a7-8191-ad6297ca0002	frzsgsrg	t	2024-09-01 14:40:05.450542	c0a80129-8ff1-179d-818f-f209a0bd0001	c0a800a7-8f42-1fde-818f-4335256b0000	\N
c0a80128-91ad-150c-8191-ad658fa00000	frgrg	t	2024-09-01 14:43:19.967436	c0a80129-8ff1-179d-818f-f209a0bd0001	c0a800a7-8f42-1fde-818f-4335256b0000	\N
c0a80128-91ad-150c-8191-ad65a38a0001	Епитголл	t	2024-09-01 14:43:25.06604	c0a80129-8ff1-179d-818f-f209a0bd0001	c0a800a7-8f42-1fde-818f-448922db0002	c0a80128-91ad-150c-8191-ad658fa00000
c0a80128-91b9-1e4d-8191-b97bc7620000	влчльчвл	t	2024-09-03 23:03:02.621393	c0a80129-8ff1-179d-818f-f209a0bd0001	c0a800a7-8f42-1fde-818f-448922db0002	\N
c0a80128-91b9-1e4d-8191-b97bfc760001	тестовый ответ	t	2024-09-03 23:03:16.214334	c0a80129-8ff1-179d-818f-f209a0bd0001	c0a800a7-8f42-1fde-818f-448922db0002	c0a80128-91ad-150c-8191-ad658fa00000
c0a80128-91b9-1e4d-8191-b97ddd440002	тест 	t	2024-09-03 23:05:19.300045	c0a80129-8ff1-179d-818f-f209a0bd0001	c0a800a7-8f42-1fde-818f-448922db0002	\N
c0a80128-91b9-1e4d-8191-b97e67a80003	тест 2	t	2024-09-03 23:05:54.728661	c0a80129-8ff1-179d-818f-f209a0bd0001	c0a800a7-8f42-1fde-818f-448922db0002	\N
c0a80128-91b9-1e4d-8191-b97ed1bb0005	тест 	t	2024-09-03 23:06:21.883375	c0a80129-8ff1-179d-818f-f209a0bd0001	c0a800a7-8f42-1fde-818f-448922db0002	\N
c0a80128-91b9-1e4d-8191-b97e8eb90004	тест 	t	2024-09-03 23:06:04.728848	c0a80129-8ff1-179d-818f-f209a0bd0001	c0a800a7-8f42-1fde-818f-448922db0002	\N
c0a80128-91b9-1e4d-8191-b97f79a50006	тест	t	2024-09-03 23:07:04.869059	c0a80129-8ff1-179d-818f-f209a0bd0001	c0a800a7-8f42-1fde-818f-448922db0002	c0a80128-91ad-150c-8191-ad658fa00000
c0a80128-91b9-1e4d-8191-b98080110007	тест	t	2024-09-03 23:08:12.049627	c0a80129-8ff1-179d-818f-f209a0bd0001	c0a800a7-8f42-1fde-818f-448922db0002	c0a80128-91b9-1e4d-8191-b97ed1bb0005
c0a80128-91be-196f-8191-be9a63f90000	Hello	f	2024-09-04 22:54:34.867806	c0a80129-9025-166f-8190-25bf40760000	c0a800a7-8f42-1fde-818f-4335256b0000	c0a80129-9025-166f-8190-25c03bd30002
c0a80128-91be-196f-8191-be9ad48a0001	fdbbgbfb	f	2024-09-04 22:55:03.689847	c0a80129-9025-166f-8190-25bf40760000	c0a800a7-8f42-1fde-818f-4335256b0000	c0a80129-9025-166f-8190-25c03bd30002
c0a80128-91be-196f-8191-be9ddd410007	lllll	t	2024-09-04 22:58:22.529314	c0a80129-8ff1-179d-818f-f209a0bd0001	c0a800a7-8f42-1fde-818f-4335256b0000	\N
c0a80128-91be-196f-8191-be9d7d920005	kjjjjjjjj	t	2024-09-04 22:57:58.033885	c0a80129-8ff1-179d-818f-f209a0bd0001	c0a800a7-8f42-1fde-818f-4335256b0000	\N
c0a80128-91be-196f-8191-be9b43720002	answer	t	2024-09-04 22:55:32.082216	c0a80129-8ff1-179d-818f-f209a0bd0001	c0a800a7-8f42-1fde-818f-4335256b0000	c0a80128-91b9-1e4d-8191-b97e8eb90004
c0a80128-91be-196f-8191-be9d25be0004	lklklko	t	2024-09-04 22:57:35.55019	c0a80129-8ff1-179d-818f-f209a0bd0001	c0a800a7-8f42-1fde-818f-4335256b0000	\N
c0a80128-91c3-10c6-8191-c3555e740002	grgg	t	2024-09-05 20:57:17.556231	c0a80129-8ff1-179d-818f-f209a0bd0001	c0a800a7-8f42-1fde-818f-4335256b0000	\N
c0a80128-91c3-10c6-8191-c3527ed60000	keke	t	2024-09-05 20:54:09.219585	c0a80129-8ff1-179d-818f-f209a0bd0001	c0a800a7-8f42-1fde-818f-4335256b0000	\N
c0a80128-91be-196f-8191-bea750080010	kkkk	t	2024-09-04 23:08:41.735982	c0a80129-8ff1-179d-818f-f209a0bd0001	c0a800a7-8f42-1fde-818f-4335256b0000	\N
c0a80128-91be-196f-8191-beb80ab4001d	test	t	2024-09-04 23:26:58.100677	c0a80129-8ff1-179d-818f-f209a0bd0001	c0a800a7-8f42-1fde-818f-4335256b0000	\N
c0a80128-91c3-10c6-8191-c352ac550001	gdgdgzt	t	2024-09-05 20:54:20.88547	c0a80129-8ff1-179d-818f-f209a0bd0001	c0a800a7-8f42-1fde-818f-4335256b0000	\N
c0a80128-91be-196f-8191-bea734b0000f	test message	t	2024-09-04 23:08:34.735647	c0a80129-8ff1-179d-818f-f209a0bd0001	c0a800a7-8f42-1fde-818f-4335256b0000	\N
c0a80128-91be-196f-8191-beb824dc001e	ttttt	t	2024-09-04 23:27:04.796412	c0a80129-8ff1-179d-818f-f209a0bd0001	c0a800a7-8f42-1fde-818f-4335256b0000	c0a80128-91be-196f-8191-beb80ab4001d
c0a80128-91be-196f-8191-bea7bb0d0012	test	t	2024-09-04 23:09:09.133424	c0a80129-8ff1-179d-818f-f209a0bd0001	c0a800a7-8f42-1fde-818f-4335256b0000	c0a80128-91be-196f-8191-bea76fb20011
c0a80128-91be-196f-8191-beca4da8001f	kkkok	t	2024-09-04 23:46:54.887496	c0a80129-8ff1-179d-818f-f209a0bd0001	c0a800a7-8f42-1fde-818f-4335256b0000	c0a80128-91be-196f-8191-bea734b0000f
c0a8cab1-91e1-1acd-8191-e130eba70000	test	t	2024-09-11 16:06:05.345311	c0a80129-8ff1-179d-818f-f209a0bd0001	c0a800a7-8f42-1fde-818f-4335256b0000	\N
c0a80128-91be-196f-8191-bea217e8000e	test answer	t	2024-09-04 23:02:59.68747	c0a80129-8ff1-179d-818f-f209a0bd0001	c0a800a7-8f42-1fde-818f-4335256b0000	c0a80128-91b9-1e4d-8191-b97ed1bb0005
c0a80128-91be-196f-8191-bea76fb20011	test message	t	2024-09-04 23:08:49.842155	c0a80129-8ff1-179d-818f-f209a0bd0001	c0a800a7-8f42-1fde-818f-4335256b0000	\N
c0a80128-91c3-10c6-8191-c35857210003	skkgk	t	2024-09-05 21:00:32.28844	c0a80129-8ff1-179d-818f-f209a0bd0001	c0a800a7-8f42-1fde-818f-4335256b0000	\N
c0a80128-91c3-10c6-8191-c358c7940004	gdgtgzth	t	2024-09-05 21:01:01.07544	c0a80129-8ff1-179d-818f-f209a0bd0001	c0a800a7-8f42-1fde-818f-4335256b0000	\N
c0a80128-91c3-10c6-8191-c3597f3d0006	jjkjkjkj	t	2024-09-05 21:01:48.092708	c0a80129-8ff1-179d-818f-f209a0bd0001	c0a800a7-8f42-1fde-818f-4335256b0000	\N
c0a80128-91c3-10c6-8191-c3596eac0005	fsfsfg	t	2024-09-05 21:01:43.85201	c0a80129-8ff1-179d-818f-f209a0bd0001	c0a800a7-8f42-1fde-818f-4335256b0000	\N
c0a80128-91be-196f-8191-bea1c347000a	jjjjjjjjjjjjjjjjjjjjjjjjjjjjjjjjjjjjjjjjjjjjjjjjjjjjjjjjjjjjjjjjjjjjjjjjjjjjj	t	2024-09-04 23:02:38.022298	c0a80129-8ff1-179d-818f-f209a0bd0001	c0a800a7-8f42-1fde-818f-4335256b0000	\N
c0a80128-91be-196f-8191-bea1abe30009	jjjjjjjjjjjjj	t	2024-09-04 23:02:32.035281	c0a80129-8ff1-179d-818f-f209a0bd0001	c0a800a7-8f42-1fde-818f-4335256b0000	\N
c0a80128-91be-196f-8191-be9da0c50006	jjjjjjjjjj	t	2024-09-04 22:58:07.045195	c0a80129-8ff1-179d-818f-f209a0bd0001	c0a800a7-8f42-1fde-818f-4335256b0000	\N
c0a80128-91be-196f-8191-be9b71fc0003	fdkbdofbko	t	2024-09-04 22:55:43.995688	c0a80129-8ff1-179d-818f-f209a0bd0001	c0a800a7-8f42-1fde-818f-4335256b0000	\N
c0a80128-91be-196f-8191-bea1d44d000b	jjjjj	t	2024-09-04 23:02:42.381222	c0a80129-8ff1-179d-818f-f209a0bd0001	c0a800a7-8f42-1fde-818f-4335256b0000	\N
c0a80128-91be-196f-8191-bea19a8a0008	kjjjj	t	2024-09-04 23:02:27.594151	c0a80129-8ff1-179d-818f-f209a0bd0001	c0a800a7-8f42-1fde-818f-4335256b0000	\N
c0a80128-91be-196f-8191-bea1d87a000c	j	t	2024-09-04 23:02:43.449881	c0a80129-8ff1-179d-818f-f209a0bd0001	c0a800a7-8f42-1fde-818f-4335256b0000	\N
c0a80128-91be-196f-8191-bea1e0af000d	j	t	2024-09-04 23:02:45.551306	c0a80129-8ff1-179d-818f-f209a0bd0001	c0a800a7-8f42-1fde-818f-4335256b0000	\N
c0a80128-91f5-1b1d-8191-f6843de70006	llllllllll	t	2024-09-15 19:29:07.431039	c0a80129-8ff1-179d-818f-f209a0bd0001	c0a800a7-8f42-1fde-818f-4335256b0000	\N
c0a80128-91f5-1b1d-8191-f663ca7f0002	bhh	t	2024-09-15 18:53:40.735229	c0a80129-8ff1-179d-818f-f209a0bd0001	c0a800a7-8f42-1fde-818f-4335256b0000	\N
c0a80128-91f5-1b1d-8191-f683f36f0004	lkkk	t	2024-09-15 19:28:48.36745	c0a80129-8ff1-179d-818f-f209a0bd0001	c0a800a7-8f42-1fde-818f-4335256b0000	\N
c0a80128-91f5-1b1d-8191-f683ff020005	kkkk	t	2024-09-15 19:28:51.329954	c0a80129-8ff1-179d-818f-f209a0bd0001	c0a800a7-8f42-1fde-818f-4335256b0000	\N
c0a80128-91f5-1b1d-8191-f65f52cf0001	gthgththaeh	t	2024-09-15 18:48:47.950019	c0a80129-8ff1-179d-818f-f209a0bd0001	c0a800a7-8f42-1fde-818f-4335256b0000	\N
c0a80128-91f5-1b1d-8191-f6844e2f0007	llllllll	t	2024-09-15 19:29:11.599296	c0a80129-8ff1-179d-818f-f209a0bd0001	c0a800a7-8f42-1fde-818f-4335256b0000	\N
c0a80128-91f5-1b1d-8191-f68453b40008	lll	t	2024-09-15 19:29:13.012361	c0a80129-8ff1-179d-818f-f209a0bd0001	c0a800a7-8f42-1fde-818f-4335256b0000	\N
c0a80128-91f5-1b1d-8191-f685ca91000a	ijijj	t	2024-09-15 19:30:48.976421	c0a80129-8ff1-179d-818f-f209a0bd0001	c0a800a7-8f42-1fde-818f-4335256b0000	\N
c0a80128-91f5-1b1d-8191-f68bd6980012	test1	t	2024-09-15 19:37:25.271651	c0a80129-8ff1-179d-818f-f209a0bd0001	c0a800a7-8f42-1fde-818f-4335256b0000	\N
c0a80128-91f5-1b1d-8191-f684593f0009	lll	t	2024-09-15 19:29:14.431478	c0a80129-8ff1-179d-818f-f209a0bd0001	c0a800a7-8f42-1fde-818f-4335256b0000	\N
c0a80128-91f5-1b1d-8191-f68ac430000f	fdbzfdbtzd	t	2024-09-15 19:36:15.024472	c0a80129-8ff1-179d-818f-f209a0bd0001	c0a800a7-8f42-1fde-818f-4335256b0000	\N
c0a80128-91f5-1b1d-8191-f67f14190003	frgrsgr	t	2024-09-15 19:23:29.048222	c0a80129-8ff1-179d-818f-f209a0bd0001	c0a800a7-8f42-1fde-818f-4335256b0000	\N
c0a80128-91f5-1b1d-8191-f68aaf55000e	vfvzsgrfv	t	2024-09-15 19:36:09.685199	c0a80129-8ff1-179d-818f-f209a0bd0001	c0a800a7-8f42-1fde-818f-4335256b0000	\N
c0a80128-91f5-1b1d-8191-f68be91e0013	ffffff	t	2024-09-15 19:37:30.014174	c0a80129-8ff1-179d-818f-f209a0bd0001	c0a800a7-8f42-1fde-818f-4335256b0000	\N
c0a80128-91f5-1b1d-8191-f68bbd6d0011	test	t	2024-09-15 19:37:18.828861	c0a80129-8ff1-179d-818f-f209a0bd0001	c0a800a7-8f42-1fde-818f-4335256b0000	\N
c0a80128-91f5-1b1d-8191-f68bf18a0014	hhhhhhhhh	t	2024-09-15 19:37:32.170122	c0a80129-8ff1-179d-818f-f209a0bd0001	c0a800a7-8f42-1fde-818f-4335256b0000	\N
c0a80128-91f5-1b1d-8191-f6933f760018	tttt	t	2024-09-15 19:45:30.870606	c0a80129-8ff1-179d-818f-f209a0bd0001	c0a800a7-8f42-1fde-818f-4335256b0000	\N
c0a80128-91f5-1b1d-8191-f687b460000b	ookooo	t	2024-09-15 19:32:54.367952	c0a80129-8ff1-179d-818f-f209a0bd0001	c0a800a7-8f42-1fde-818f-4335256b0000	\N
c0a80128-91f5-1b1d-8191-f68bfdb30015	hhh	t	2024-09-15 19:37:35.28327	c0a80129-8ff1-179d-818f-f209a0bd0001	c0a800a7-8f42-1fde-818f-4335256b0000	\N
c0a80128-91f5-1b1d-8191-f691c3450016	hjjjkl	t	2024-09-15 19:43:53.541316	c0a80129-8ff1-179d-818f-f209a0bd0001	c0a800a7-8f42-1fde-818f-4335256b0000	\N
c0a80128-91f5-1b1d-8191-f68ad4580010	bbfdzbdbztbdb	t	2024-09-15 19:36:19.160662	c0a80129-8ff1-179d-818f-f209a0bd0001	c0a800a7-8f42-1fde-818f-4335256b0000	\N
c0a80128-91f5-1b1d-8191-f69472cf001a	tertetdet	t	2024-09-15 19:46:49.55072	c0a80129-8ff1-179d-818f-f209a0bd0001	c0a800a7-8f42-1fde-818f-4335256b0000	\N
c0a80128-91f5-1b1d-8191-f6888cf1000c	lllllll	t	2024-09-15 19:33:49.809727	c0a80129-8ff1-179d-818f-f209a0bd0001	c0a800a7-8f42-1fde-818f-4335256b0000	\N
c0a80127-920b-17ed-8192-0b8c0f1c0001	hello	t	2024-09-19 21:29:41.275524	c0a80129-8ff1-179d-818f-f209a0bd0001	c0a800a7-8f42-1fde-818f-4335256b0000	\N
c0a80128-91f5-1b1d-8191-f6922a540017	test	t	2024-09-15 19:44:19.924016	c0a80129-8ff1-179d-818f-f209a0bd0001	c0a800a7-8f42-1fde-818f-4335256b0000	\N
c0a80128-91f5-1b1d-8191-f68a9f1d000d	jojijijiiijiojiijji	t	2024-09-15 19:36:05.53334	c0a80129-8ff1-179d-818f-f209a0bd0001	c0a800a7-8f42-1fde-818f-4335256b0000	\N
c0a80128-91f5-1b1d-8191-f69412830019	qwerty	t	2024-09-15 19:46:24.898945	c0a80129-8ff1-179d-818f-f209a0bd0001	c0a800a7-8f42-1fde-818f-4335256b0000	\N
c0a80127-920b-17ed-8192-0b9845e30009	test3	t	2024-09-19 21:43:01.730879	c0a80129-8ff1-179d-818f-f209a0bd0001	c0a800a7-8f42-1fde-818f-4335256b0000	\N
c0a80127-920b-17ed-8192-0b9060350004	dfbbbdb	t	2024-09-19 21:34:24.180769	c0a80129-8ff1-179d-818f-f209a0bd0001	c0a800a7-8f42-1fde-818f-4335256b0000	\N
c0a80127-920b-17ed-8192-0b98ad73000a	test4	t	2024-09-19 21:43:28.243305	c0a80129-8ff1-179d-818f-f209a0bd0001	c0a800a7-8f42-1fde-818f-4335256b0000	\N
c0a80127-920b-17ed-8192-0b907e5c0005	bbgbg	t	2024-09-19 21:34:31.899587	c0a80129-8ff1-179d-818f-f209a0bd0001	c0a800a7-8f42-1fde-818f-4335256b0000	\N
c0a80127-920b-17ed-8192-0b903f310003	frsfrgwrfg	t	2024-09-19 21:34:15.728736	c0a80129-8ff1-179d-818f-f209a0bd0001	c0a800a7-8f42-1fde-818f-4335256b0000	\N
c0a80127-920b-17ed-8192-0b9f242e000e	test	t	2024-09-19 21:50:31.853573	c0a80129-8ff1-179d-818f-f209a0bd0001	c0a800a7-8f42-1fde-818f-4335256b0000	\N
c0a80127-920b-17ed-8192-0b9f07bf000c	test	t	2024-09-19 21:50:24.57478	c0a80129-8ff1-179d-818f-f209a0bd0001	c0a800a7-8f42-1fde-818f-4335256b0000	\N
c0a80127-920b-17ed-8192-0b9519e70007	test	t	2024-09-19 21:39:33.862189	c0a80129-8ff1-179d-818f-f209a0bd0001	c0a800a7-8f42-1fde-818f-4335256b0000	\N
c0a80127-920b-17ed-8192-0b8c3f9a0002	hello	t	2024-09-19 21:29:53.689841	c0a80129-8ff1-179d-818f-f209a0bd0001	c0a800a7-8f42-1fde-818f-4335256b0000	\N
c0a80127-920b-17ed-8192-0b97ddfd0008	test2	t	2024-09-19 21:42:35.133015	c0a80129-8ff1-179d-818f-f209a0bd0001	c0a800a7-8f42-1fde-818f-4335256b0000	\N
c0a80127-920b-17ed-8192-0ba59e860010	test2	t	2024-09-19 21:57:36.389939	c0a80129-8ff1-179d-818f-f209a0bd0001	c0a800a7-8f42-1fde-818f-4335256b0000	\N
c0a80127-920b-17ed-8192-0ba5111c000f	test1	t	2024-09-19 21:57:00.187926	c0a80129-8ff1-179d-818f-f209a0bd0001	c0a800a7-8f42-1fde-818f-4335256b0000	\N
c0a80127-920b-17ed-8192-0b908dbb0006	bgcbgnc	t	2024-09-19 21:34:35.834793	c0a80129-8ff1-179d-818f-f209a0bd0001	c0a800a7-8f42-1fde-818f-4335256b0000	\N
c0a80127-920b-17ed-8192-0baaff510013	test5	t	2024-09-19 22:03:28.848847	c0a80129-8ff1-179d-818f-f209a0bd0001	c0a800a7-8f42-1fde-818f-4335256b0000	\N
c0a80127-920b-17ed-8192-0babc9300015	test7	t	2024-09-19 22:04:20.528362	c0a80129-8ff1-179d-818f-f209a0bd0001	c0a800a7-8f42-1fde-818f-4335256b0000	\N
c0a80127-920b-17ed-8192-0ba9f5090011	test3	t	2024-09-19 22:02:20.680786	c0a80129-8ff1-179d-818f-f209a0bd0001	c0a800a7-8f42-1fde-818f-4335256b0000	\N
c0a80127-920b-17ed-8192-0bab4c950014	test6	t	2024-09-19 22:03:48.629168	c0a80129-8ff1-179d-818f-f209a0bd0001	c0a800a7-8f42-1fde-818f-4335256b0000	\N
c0a80127-920b-17ed-8192-0bad33ac0019	tfc	t	2024-09-19 22:05:53.324081	c0a80129-8ff1-179d-818f-f209a0bd0001	c0a800a7-8f42-1fde-818f-4335256b0000	\N
c0a80127-920b-17ed-8192-0b9f15fc000d	test	t	2024-09-19 21:50:28.220288	c0a80129-8ff1-179d-818f-f209a0bd0001	c0a800a7-8f42-1fde-818f-4335256b0000	\N
c0a80127-920b-17ed-8192-0b9ef721000b	test	t	2024-09-19 21:50:20.320741	c0a80129-8ff1-179d-818f-f209a0bd0001	c0a800a7-8f42-1fde-818f-4335256b0000	\N
c0a80127-920b-17ed-8192-0bac0d270016	test8	t	2024-09-19 22:04:37.926975	c0a80129-8ff1-179d-818f-f209a0bd0001	c0a800a7-8f42-1fde-818f-4335256b0000	\N
c0a80127-920b-17ed-8192-0bac57730017	test9	t	2024-09-19 22:04:56.947808	c0a80129-8ff1-179d-818f-f209a0bd0001	c0a800a7-8f42-1fde-818f-4335256b0000	\N
c0a80127-920b-17ed-8192-0baa3aa00012	test4	t	2024-09-19 22:02:38.496123	c0a80129-8ff1-179d-818f-f209a0bd0001	c0a800a7-8f42-1fde-818f-4335256b0000	\N
c0a80127-920b-17ed-8192-0bacea440018	ttt	t	2024-09-19 22:05:34.532462	c0a80129-8ff1-179d-818f-f209a0bd0001	c0a800a7-8f42-1fde-818f-4335256b0000	\N
c0a80127-920b-17ed-8192-0baf7254001a	test	t	2024-09-19 22:08:20.436459	c0a80129-8ff1-179d-818f-f209a0bd0001	c0a800a7-8f42-1fde-818f-4335256b0000	\N
c0a80127-920b-17ed-8192-0bbbafc8001c	test3	t	2024-09-19 22:21:42.599874	c0a80129-8ff1-179d-818f-f209a0bd0001	c0a800a7-8f42-1fde-818f-4335256b0000	\N
c0a80127-920b-17ed-8192-0bafaa60001b	test2	t	2024-09-19 22:08:34.784036	c0a80129-8ff1-179d-818f-f209a0bd0001	c0a800a7-8f42-1fde-818f-4335256b0000	\N
c0a80127-920b-17ed-8192-0c07778c0021	fergsy5ty	t	2024-09-19 23:44:28.940151	c0a80129-8ff1-179d-818f-f209a0bd0001	c0a800a7-8f42-1fde-818f-4335256b0000	\N
c0a80127-920b-17ed-8192-0bc57f2d001e	test5	t	2024-09-19 22:32:25.517341	c0a80129-8ff1-179d-818f-f209a0bd0001	c0a800a7-8f42-1fde-818f-4335256b0000	\N
c0a80127-920b-17ed-8192-0bc59126001f	5555555	t	2024-09-19 22:32:30.117732	c0a80129-8ff1-179d-818f-f209a0bd0001	c0a800a7-8f42-1fde-818f-4335256b0000	\N
c0a80127-920b-17ed-8192-0c074fbd0020	djdjns	t	2024-09-19 23:44:18.749299	c0a80129-8ff1-179d-818f-f209a0bd0001	c0a800a7-8f42-1fde-818f-4335256b0000	\N
c0a80127-920b-17ed-8192-0bbbfc22001d	test4	t	2024-09-19 22:22:02.146272	c0a80129-8ff1-179d-818f-f209a0bd0001	c0a800a7-8f42-1fde-818f-4335256b0000	\N
c0a80127-920b-17ed-8192-0c0828a60022	zjjssjjss	t	2024-09-19 23:45:14.277843	c0a80129-8ff1-179d-818f-f209a0bd0001	c0a800a7-8f42-1fde-818f-4335256b0000	\N
c0a80127-920b-17ed-8192-0c0ab8ab0023	hello	t	2024-09-19 23:48:02.218887	c0a80129-8ff1-179d-818f-f209a0bd0001	c0a800a7-8f42-1fde-818f-448922db0002	\N
c0a80127-920b-17ed-8192-0c0b84070024	helllo	t	2024-09-19 23:48:54.279273	c0a80129-8ff1-179d-818f-f209a0bd0001	c0a800a7-8f42-1fde-818f-4335256b0000	\N
c0a80127-920b-17ed-8192-0c0e1ebe0025	привет	t	2024-09-19 23:51:44.95732	c0a80129-8ff1-179d-818f-f209a0bd0001	c0a800a7-8f42-1fde-818f-448922db0002	\N
c0a80127-920b-17ed-8192-0c10d6440027	эй	t	2024-09-19 23:54:43.012665	c0a80129-8ff1-179d-818f-f209a0bd0001	c0a800a7-8f42-1fde-818f-448922db0002	\N
c0a80127-920b-17ed-8192-0c10c3dd0026	алло	t	2024-09-19 23:54:38.300804	c0a80129-8ff1-179d-818f-f209a0bd0001	c0a800a7-8f42-1fde-818f-448922db0002	\N
c0a80127-920b-17ed-8192-0c1155780029	эй	t	2024-09-19 23:55:15.57611	c0a80129-8ff1-179d-818f-f209a0bd0001	c0a800a7-8f42-1fde-818f-448922db0002	\N
c0a80127-920b-17ed-8192-0c1141ba0028	эй	t	2024-09-19 23:55:10.522759	c0a80129-8ff1-179d-818f-f209a0bd0001	c0a800a7-8f42-1fde-818f-448922db0002	\N
c0a80127-920b-17ed-8192-0c11eabc002a	hello	t	2024-09-19 23:55:53.788384	c0a80129-8ff1-179d-818f-f209a0bd0001	c0a800a7-8f42-1fde-818f-4335256b0000	\N
c0a80127-920b-17ed-8192-0c126fdc002b	эй	t	2024-09-19 23:56:27.868021	c0a80129-8ff1-179d-818f-f209a0bd0001	c0a800a7-8f42-1fde-818f-448922db0002	\N
c0a80127-920b-17ed-8192-0c130c31002c	hey	t	2024-09-19 23:57:07.889307	c0a80129-8ff1-179d-818f-f209a0bd0001	c0a800a7-8f42-1fde-818f-4335256b0000	\N
c0a80127-920b-17ed-8192-0c138543002d	njjkkjj	t	2024-09-19 23:57:38.882878	c0a80129-8ff1-179d-818f-f209a0bd0001	c0a800a7-8f42-1fde-818f-4335256b0000	\N
c0a80127-920b-17ed-8192-0c155de1002e	алаладвдв	t	2024-09-19 23:59:39.873406	c0a80129-8ff1-179d-818f-f209a0bd0001	c0a800a7-8f42-1fde-818f-448922db0002	\N
c0a80127-920b-17ed-8192-0c15a381002f	gergghdh	t	2024-09-19 23:59:57.697546	c0a80129-8ff1-179d-818f-f209a0bd0001	c0a800a7-8f42-1fde-818f-4335256b0000	\N
c0a80127-920b-17ed-8192-0c18bf7d0030	вовлвлвлв	t	2024-09-20 00:03:21.469253	c0a80129-8ff1-179d-818f-f209a0bd0001	c0a800a7-8f42-1fde-818f-448922db0002	\N
c0a80127-920b-17ed-8192-0c18d51d0031	gteght	t	2024-09-20 00:03:27.005743	c0a80129-8ff1-179d-818f-f209a0bd0001	c0a800a7-8f42-1fde-818f-4335256b0000	\N
c0a80127-9210-160e-8192-113a88250002	тест3	t	2024-09-20 23:58:21.604605	c0a80129-8ff1-179d-818f-f209a0bd0001	c0a800a7-8f42-1fde-818f-448922db0002	\N
c0a80127-9210-160e-8192-11395e8c0000	тест 	t	2024-09-20 23:57:05.41911	c0a80129-8ff1-179d-818f-f209a0bd0001	c0a800a7-8f42-1fde-818f-448922db0002	\N
c0a80127-9210-160e-8192-113a28130001	тест 2	t	2024-09-20 23:57:57.011477	c0a80129-8ff1-179d-818f-f209a0bd0001	c0a800a7-8f42-1fde-818f-448922db0002	\N
c0a80127-9210-160e-8192-113aca9f0003	gregerge	t	2024-09-20 23:58:38.622258	c0a80129-8ff1-179d-818f-f209a0bd0001	c0a800a7-8f42-1fde-818f-4335256b0000	\N
c0a80127-9211-1090-8192-1144c4640008	ашалалалал	f	2024-09-21 00:09:32.387867	c0a80129-9031-1e9a-8190-319dfa0e0011	c0a800a7-8f42-1fde-818f-448922db0002	\N
c0a80127-9211-1090-8192-1143fb1a0004	чндадада	t	2024-09-21 00:08:40.857906	c0a80129-8ff1-179d-818f-f209a0bd0001	c0a800a7-8f42-1fde-818f-448922db0002	\N
c0a80127-9211-1090-8192-1143dd470003	бнанлада	t	2024-09-21 00:08:33.22304	c0a80129-8ff1-179d-818f-f209a0bd0001	c0a800a7-8f42-1fde-818f-448922db0002	\N
c0a80127-9211-1090-8192-1144a7ae0007	шкшкаддада	t	2024-09-21 00:09:25.038312	c0a80129-8ff1-179d-818f-f209a0bd0001	c0a800a7-8f42-1fde-818f-448922db0002	\N
c0a80127-9211-1090-8192-11425d470001	тест 	t	2024-09-21 00:06:54.919054	c0a80129-8ff1-179d-818f-f209a0bd0001	c0a800a7-8f42-1fde-818f-448922db0002	\N
c0a80127-9211-1090-8192-1144f3e80009	ашвлвдчд	t	2024-09-21 00:09:44.551968	c0a80129-8ff1-179d-818f-f209a0bd0001	c0a800a7-8f42-1fde-818f-448922db0002	\N
c0a80127-9211-1090-8192-11436bae0002	рбчбчббчбнчбнч	t	2024-09-21 00:08:04.142512	c0a80129-8ff1-179d-818f-f209a0bd0001	c0a800a7-8f42-1fde-818f-448922db0002	\N
c0a80127-9211-1090-8192-114123370000	алалвллввд	t	2024-09-21 00:05:34.516133	c0a80129-8ff1-179d-818f-f209a0bd0001	c0a800a7-8f42-1fde-818f-448922db0002	\N
c0a80127-9211-1090-8192-11449c220006	лалалалаа	t	2024-09-21 00:09:22.082165	c0a80129-8ff1-179d-818f-f209a0bd0001	c0a800a7-8f42-1fde-818f-448922db0002	\N
c0a80127-9211-1090-8192-11441a150005	,плчлнлнчч	t	2024-09-21 00:08:48.789601	c0a80129-8ff1-179d-818f-f209a0bd0001	c0a800a7-8f42-1fde-818f-448922db0002	\N
c0a80127-9211-1090-8192-114595b2000a	аьалллвл	t	2024-09-21 00:10:25.969904	c0a80129-8ff1-179d-818f-f209a0bd0001	c0a800a7-8f42-1fde-818f-448922db0002	\N
c0a80127-9211-1090-8192-1145bd68000b	лалалвлвлв	t	2024-09-21 00:10:36.136518	c0a80129-8ff1-179d-818f-f209a0bd0001	c0a800a7-8f42-1fde-818f-448922db0002	\N
c0a80127-9211-1090-8192-1145db16000c	dfgdthhhhth	t	2024-09-21 00:10:43.733549	c0a80129-8ff1-179d-818f-f209a0bd0001	c0a800a7-8f42-1fde-818f-4335256b0000	\N
c0a80127-9211-1090-8192-11466b26000e	привет	t	2024-09-21 00:11:20.614027	c0a80129-8ff1-179d-818f-f209a0bd0001	c0a800a7-8f42-1fde-818f-448922db0002	\N
c0a80127-9211-1090-8192-11465a3b000d	fjfjdkdkdkdk	t	2024-09-21 00:11:16.28311	c0a80129-8ff1-179d-818f-f209a0bd0001	c0a800a7-8f42-1fde-818f-448922db0002	\N
c0a80127-9211-1090-8192-1148c4bb0014	redehy	t	2024-09-21 00:13:54.619084	c0a80129-8ff1-179d-818f-f209a0bd0001	c0a800a7-8f42-1fde-818f-4335256b0000	\N
c0a80127-9211-1090-8192-1148a4d60012	fdvtdhg	t	2024-09-21 00:13:46.454226	c0a80129-8ff1-179d-818f-f209a0bd0001	c0a800a7-8f42-1fde-818f-4335256b0000	\N
c0a80127-9211-1090-8192-114884490011	dfgfdgdgh	t	2024-09-21 00:13:38.121408	c0a80129-8ff1-179d-818f-f209a0bd0001	c0a800a7-8f42-1fde-818f-4335256b0000	\N
c0a80127-9211-1090-8192-114713230010	vfvffgf	t	2024-09-21 00:12:03.619006	c0a80129-8ff1-179d-818f-f209a0bd0001	c0a800a7-8f42-1fde-818f-4335256b0000	\N
c0a80127-9211-1090-8192-1148b42f0013	fgdrggerg	t	2024-09-21 00:13:50.383101	c0a80129-8ff1-179d-818f-f209a0bd0001	c0a800a7-8f42-1fde-818f-4335256b0000	\N
c0a80127-9211-1090-8192-1146c3ec000f	trgehhgtrrrth	t	2024-09-21 00:11:43.339372	c0a80129-8ff1-179d-818f-f209a0bd0001	c0a800a7-8f42-1fde-818f-4335256b0000	\N
c0a80127-9211-1090-8192-1148da3b0015	аолаовлала	t	2024-09-21 00:14:00.123314	c0a80129-8ff1-179d-818f-f209a0bd0001	c0a800a7-8f42-1fde-818f-448922db0002	\N
c0a80127-9211-1090-8192-114930470019	алалалал	t	2024-09-21 00:14:22.151659	c0a80129-8ff1-179d-818f-f209a0bd0001	c0a800a7-8f42-1fde-818f-448922db0002	\N
c0a80127-9211-1090-8192-114922d30018	лвлвлчл	t	2024-09-21 00:14:18.706827	c0a80129-8ff1-179d-818f-f209a0bd0001	c0a800a7-8f42-1fde-818f-448922db0002	\N
c0a80127-9211-1090-8192-1149104a0017	плалслал	t	2024-09-21 00:14:13.96229	c0a80129-8ff1-179d-818f-f209a0bd0001	c0a800a7-8f42-1fde-818f-448922db0002	\N
c0a80127-9211-1090-8192-1148f9bb0016	уовлвшвш	t	2024-09-21 00:14:08.187296	c0a80129-8ff1-179d-818f-f209a0bd0001	c0a800a7-8f42-1fde-818f-448922db0002	\N
c0a80127-9211-1090-8192-11495c20001a	dgdhdth	t	2024-09-21 00:14:33.376037	c0a80129-8ff1-179d-818f-f209a0bd0001	c0a800a7-8f42-1fde-818f-4335256b0000	\N
c0a80127-9211-1090-8192-115469f5001e	оклулыдыы	t	2024-09-21 00:26:37.812791	c0a80129-8ff1-179d-818f-f209a0bd0001	c0a800a7-8f42-1fde-818f-448922db0002	\N
c0a80127-9211-1090-8192-11545116001d	оаослчлв	t	2024-09-21 00:26:31.445895	c0a80129-8ff1-179d-818f-f209a0bd0001	c0a800a7-8f42-1fde-818f-448922db0002	\N
c0a80127-9211-1090-8192-115254e9001b	аооввовгы	t	2024-09-21 00:24:21.353531	c0a80129-8ff1-179d-818f-f209a0bd0001	c0a800a7-8f42-1fde-818f-448922db0002	\N
c0a80127-9211-1090-8192-115435c3001c	вовьвлвл	t	2024-09-21 00:26:24.451498	c0a80129-8ff1-179d-818f-f209a0bd0001	c0a800a7-8f42-1fde-818f-448922db0002	\N
c0a80127-9211-1090-8192-1154d8090021	bthrhjth	t	2024-09-21 00:27:05.993452	c0a80129-8ff1-179d-818f-f209a0bd0001	c0a800a7-8f42-1fde-818f-4335256b0000	\N
c0a80127-9211-1090-8192-1154b92c0020	dgrtthh	t	2024-09-21 00:26:58.092365	c0a80129-8ff1-179d-818f-f209a0bd0001	c0a800a7-8f42-1fde-818f-4335256b0000	\N
c0a80127-9211-1090-8192-1154a900001f	gtrhgttrhsrthrhhtr	t	2024-09-21 00:26:53.952115	c0a80129-8ff1-179d-818f-f209a0bd0001	c0a800a7-8f42-1fde-818f-4335256b0000	\N
c0a80127-9211-1090-8192-1162df4d0028	ьччьяьы	t	2024-09-21 00:42:25.357651	c0a80129-8ff1-179d-818f-f209a0bd0001	c0a800a7-8f42-1fde-818f-448922db0002	\N
c0a80127-9211-1090-8192-1159b6460023	лккллулу	t	2024-09-21 00:32:25.030452	c0a80129-8ff1-179d-818f-f209a0bd0001	c0a800a7-8f42-1fde-818f-448922db0002	\N
c0a80127-9211-1090-8192-116296f00026	мсссми	t	2024-09-21 00:42:06.832752	c0a80129-8ff1-179d-818f-f209a0bd0001	c0a800a7-8f42-1fde-818f-448922db0002	\N
c0a80127-9211-1090-8192-1162bae30027	алалвлыл	t	2024-09-21 00:42:16.035792	c0a80129-8ff1-179d-818f-f209a0bd0001	c0a800a7-8f42-1fde-818f-448922db0002	\N
c0a80127-9211-1090-8192-1159d1b20025	влвлвлвл	t	2024-09-21 00:32:32.050397	c0a80129-8ff1-179d-818f-f209a0bd0001	c0a800a7-8f42-1fde-818f-448922db0002	\N
c0a80127-9211-1090-8192-1159bd800024	шуущщу	t	2024-09-21 00:32:26.880564	c0a80129-8ff1-179d-818f-f209a0bd0001	c0a800a7-8f42-1fde-818f-448922db0002	\N
c0a80127-9211-1090-8192-1159abed0022	чтчллыылцл	t	2024-09-21 00:32:22.381334	c0a80129-8ff1-179d-818f-f209a0bd0001	c0a800a7-8f42-1fde-818f-448922db0002	\N
c0a80127-9211-1090-8192-11634c37002a	дцдцддцды	t	2024-09-21 00:42:53.239509	c0a80129-8ff1-179d-818f-f209a0bd0001	c0a800a7-8f42-1fde-818f-448922db0002	\N
c0a80127-9211-1090-8192-116339ca0029	ьчьчббя	t	2024-09-21 00:42:48.522373	c0a80129-8ff1-179d-818f-f209a0bd0001	c0a800a7-8f42-1fde-818f-448922db0002	\N
c0a80128-9214-11c2-8192-159931a70005	hello	t	2024-09-21 20:20:14.247279	c0a80129-8ff1-179d-818f-f209a0bd0001	c0a800a7-8f42-1fde-818f-4335256b0000	\N
c0a80128-9214-11c2-8192-15912c7d0000	test	t	2024-09-21 20:11:28.634968	c0a80129-8ff1-179d-818f-f209a0bd0001	c0a800a7-8f42-1fde-818f-4335256b0000	\N
c0a80128-9214-11c2-8192-1592b8e40001	привет	t	2024-09-21 20:13:10.116409	c0a80129-8ff1-179d-818f-f209a0bd0001	c0a800a7-8f42-1fde-818f-448922db0002	\N
c0a80128-9214-11c2-8192-1594ec180002	рьььнбь	t	2024-09-21 20:15:34.295878	c0a80129-8ff1-179d-818f-f209a0bd0001	c0a800a7-8f42-1fde-818f-448922db0002	\N
c0a80128-9214-11c2-8192-1596f2e50003	атооко	t	2024-09-21 20:17:47.108963	c0a80129-8ff1-179d-818f-f209a0bd0001	c0a800a7-8f42-1fde-818f-448922db0002	\N
c0a80128-9214-11c2-8192-159711e30004	frgfrgr	t	2024-09-21 20:17:55.043731	c0a80129-8ff1-179d-818f-f209a0bd0001	c0a800a7-8f42-1fde-818f-4335256b0000	\N
c0a80128-9214-11c2-8192-15b1cea00006	hey	t	2024-09-21 20:47:07.296571	c0a80129-8ff1-179d-818f-f209a0bd0001	c0a800a7-8f42-1fde-818f-4335256b0000	\N
c0a80128-9214-11c2-8192-15bcb8150010	hello 4	t	2024-09-21 20:59:02.421068	c0a80129-8ff1-179d-818f-f209a0bd0001	c0a800a7-8f42-1fde-818f-4335256b0000	\N
c0a80128-9214-11c2-8192-15b800ab000c	hey 2	t	2024-09-21 20:53:53.323544	c0a80129-8ff1-179d-818f-f209a0bd0001	c0a800a7-8f42-1fde-818f-4335256b0000	\N
c0a80128-9214-11c2-8192-15b5d740000a	hello 2	t	2024-09-21 20:51:31.647058	c0a80129-8ff1-179d-818f-f209a0bd0001	c0a800a7-8f42-1fde-818f-4335256b0000	\N
c0a80128-9214-11c2-8192-15b40f450008	hey	t	2024-09-21 20:49:34.917738	c0a80129-8ff1-179d-818f-f209a0bd0001	c0a800a7-8f42-1fde-818f-4335256b0000	\N
c0a80128-9214-11c2-8192-15ba4c57000d	hello	t	2024-09-21 20:56:23.766937	c0a80129-8ff1-179d-818f-f209a0bd0001	c0a800a7-8f42-1fde-818f-4335256b0000	\N
c0a80128-9214-11c2-8192-15c11bd40013	hello 7	t	2024-09-21 21:03:50.099247	c0a80129-8ff1-179d-818f-f209a0bd0001	c0a800a7-8f42-1fde-818f-4335256b0000	\N
c0a80128-9214-11c2-8192-15b6bd47000b	hey	t	2024-09-21 20:52:30.5355	c0a80129-8ff1-179d-818f-f209a0bd0001	c0a800a7-8f42-1fde-818f-4335256b0000	\N
c0a80128-9214-11c2-8192-15c199100014	hello 8	t	2024-09-21 21:04:22.160475	c0a80129-8ff1-179d-818f-f209a0bd0001	c0a800a7-8f42-1fde-818f-4335256b0000	\N
c0a80128-9214-11c2-8192-15c2dc430015	test	t	2024-09-21 21:05:44.899489	c0a80129-8ff1-179d-818f-f209a0bd0001	c0a800a7-8f42-1fde-818f-4335256b0000	\N
c0a80128-9214-11c2-8192-15d05047001b	est	t	2024-09-21 21:20:26.567212	c0a80129-8ff1-179d-818f-f209a0bd0001	c0a800a7-8f42-1fde-818f-4335256b0000	\N
c0a80128-9214-11c2-8192-15baac99000e	hello 2	t	2024-09-21 20:56:48.40934	c0a80129-8ff1-179d-818f-f209a0bd0001	c0a800a7-8f42-1fde-818f-4335256b0000	\N
c0a80128-9214-11c2-8192-15cec4720019	test2	t	2024-09-21 21:18:45.233896	c0a80129-8ff1-179d-818f-f209a0bd0001	c0a800a7-8f42-1fde-818f-4335256b0000	\N
c0a80128-9214-11c2-8192-15cfd172001a	test3	t	2024-09-21 21:19:54.098247	c0a80129-8ff1-179d-818f-f209a0bd0001	c0a800a7-8f42-1fde-818f-4335256b0000	\N
c0a80128-9214-11c2-8192-15d09811001c	test4	t	2024-09-21 21:20:44.944808	c0a80129-8ff1-179d-818f-f209a0bd0001	c0a800a7-8f42-1fde-818f-4335256b0000	\N
c0a80128-9214-11c2-8192-15d09ffc001d	vdgdt	t	2024-09-21 21:20:46.971794	c0a80129-8ff1-179d-818f-f209a0bd0001	c0a800a7-8f42-1fde-818f-4335256b0000	\N
c0a80128-9214-11c2-8192-15d0a6e3001e	 fgbdgb	t	2024-09-21 21:20:48.739522	c0a80129-8ff1-179d-818f-f209a0bd0001	c0a800a7-8f42-1fde-818f-4335256b0000	\N
c0a80128-923a-18d0-8192-3a5c4caf0001	fregrerg	t	2024-09-28 23:39:40.462711	c0a80129-8ff1-179d-818f-f209a0bd0001	c0a800a7-8f42-1fde-818f-4335256b0000	\N
c0a80128-923a-1304-8192-3a7c9cb70001	vdlfgplp	t	2024-09-29 00:14:58.10299	c0a80129-8ff1-179d-818f-f209a0bd0001	c0a800a7-8f42-1fde-818f-4335256b0000	\N
c0a80128-923a-1304-8192-3a7c87ae0000	hello	t	2024-09-29 00:14:52.713709	c0a80129-8ff1-179d-818f-f209a0bd0001	c0a800a7-8f42-1fde-818f-4335256b0000	\N
c0a80128-923a-1304-8192-3a7cfc7d0002	привет	t	2024-09-29 00:15:22.621222	c0a80129-8ff1-179d-818f-f209a0bd0001	c0a800a7-8f42-1fde-818f-448922db0002	\N
c0a80128-9214-11c2-8192-15b519f70009	hello	t	2024-09-21 20:50:43.191513	c0a80129-8ff1-179d-818f-f209a0bd0001	c0a800a7-8f42-1fde-818f-4335256b0000	\N
c0a80128-9214-11c2-8192-15bece2a0012	hello 6	t	2024-09-21 21:01:19.146205	c0a80129-8ff1-179d-818f-f209a0bd0001	c0a800a7-8f42-1fde-818f-4335256b0000	\N
c0a80128-9214-11c2-8192-15b334b60007	hey you	t	2024-09-21 20:48:38.966525	c0a80129-8ff1-179d-818f-f209a0bd0001	c0a800a7-8f42-1fde-818f-4335256b0000	\N
c0a80128-9214-11c2-8192-15bdc2790011	hello 5	t	2024-09-21 21:00:10.617097	c0a80129-8ff1-179d-818f-f209a0bd0001	c0a800a7-8f42-1fde-818f-4335256b0000	\N
c0a80128-9214-11c2-8192-15bbaf6b000f	hello 3	t	2024-09-21 20:57:54.665852	c0a80129-8ff1-179d-818f-f209a0bd0001	c0a800a7-8f42-1fde-818f-4335256b0000	\N
c0a80128-9214-11c2-8192-15e2e2f60021	hello	t	2024-09-21 21:40:43.766767	c0a80129-8ff1-179d-818f-f209a0bd0001	c0a800a7-8f42-1fde-818f-4335256b0000	\N
c0a80128-9214-11c2-8192-15d5f4930020	kak eto sdelat	t	2024-09-21 21:26:36.307166	c0a80129-8ff1-179d-818f-f209a0bd0001	c0a800a7-8f42-1fde-818f-4335256b0000	\N
c0a80128-9214-11c2-8192-15d33aad001f	kak zaebala eta huinya s chatom	t	2024-09-21 21:23:37.645353	c0a80129-8ff1-179d-818f-f209a0bd0001	c0a800a7-8f42-1fde-818f-4335256b0000	\N
c0a80128-9229-1e0a-8192-2a0c17290000	hello	t	2024-09-25 19:38:08.418277	c0a80129-8ff1-179d-818f-f209a0bd0001	c0a800a7-8f42-1fde-818f-4335256b0000	\N
c0a80128-9229-1e0a-8192-2a0c299e0001	fsrjgorsjg	t	2024-09-25 19:38:13.150116	c0a80129-8ff1-179d-818f-f209a0bd0001	c0a800a7-8f42-1fde-818f-4335256b0000	\N
c0a80128-9220-18ba-8192-214ec7c30019	bdtrh	t	2024-09-24 02:54:24.067414	c0a80129-8ff1-179d-818f-f209a0bd0001	c0a800a7-8f42-1fde-818f-4335256b0000	\N
c0a80128-9220-18ba-8192-214f40e3001a	vfddrg	t	2024-09-24 02:54:55.0748	c0a80129-8ff1-179d-818f-f209a0bd0001	c0a800a7-8f42-1fde-818f-4335256b0000	\N
c0a80128-9220-18ba-8192-2141c7a10015	vfdbdbd	t	2024-09-24 02:40:12.065673	c0a80129-8ff1-179d-818f-f209a0bd0001	c0a800a7-8f42-1fde-818f-4335256b0000	\N
c0a80128-9220-18ba-8192-2150c387001b	fdsrg	t	2024-09-24 02:56:34.055255	c0a80129-8ff1-179d-818f-f209a0bd0001	c0a800a7-8f42-1fde-818f-4335256b0000	\N
c0a80128-9220-18ba-8192-214023ed0012	vtgt	t	2024-09-24 02:38:24.621101	c0a80129-8ff1-179d-818f-f209a0bd0001	c0a800a7-8f42-1fde-818f-4335256b0000	\N
c0a80128-9220-18ba-8192-2140df340013	vdssrgs	t	2024-09-24 02:39:12.564699	c0a80129-8ff1-179d-818f-f209a0bd0001	c0a800a7-8f42-1fde-818f-4335256b0000	\N
c0a80128-9220-18ba-8192-214b77460016	hello	t	2024-09-24 02:50:46.85399	c0a80129-8ff1-179d-818f-f209a0bd0001	c0a800a7-8f42-1fde-818f-4335256b0000	\N
c0a80128-9220-18ba-8192-214151fc0014	vegdrg	t	2024-09-24 02:39:41.948695	c0a80129-8ff1-179d-818f-f209a0bd0001	c0a800a7-8f42-1fde-818f-4335256b0000	\N
c0a80128-9220-18ba-8192-214eb3ca0018	ggegg	t	2024-09-24 02:54:18.954369	c0a80129-8ff1-179d-818f-f209a0bd0001	c0a800a7-8f42-1fde-818f-4335256b0000	\N
c0a80128-9220-18ba-8192-21520abc001c	vdfvdv	t	2024-09-24 02:57:57.820102	c0a80129-8ff1-179d-818f-f209a0bd0001	c0a800a7-8f42-1fde-818f-4335256b0000	\N
c0a80128-9220-18ba-8192-213f951b0010	fvzfbzdb	t	2024-09-24 02:37:48.059442	c0a80129-8ff1-179d-818f-f209a0bd0001	c0a800a7-8f42-1fde-818f-4335256b0000	\N
c0a80128-9220-18ba-8192-214be65b0017	csdvdsv	t	2024-09-24 02:51:15.290851	c0a80129-8ff1-179d-818f-f209a0bd0001	c0a800a7-8f42-1fde-818f-4335256b0000	\N
c0a80128-9220-18ba-8192-213ff24e0011	dgdrgeg	t	2024-09-24 02:38:11.918174	c0a80129-8ff1-179d-818f-f209a0bd0001	c0a800a7-8f42-1fde-818f-4335256b0000	\N
c0a80128-9220-18ba-8192-213d9bca000f	gtgeg	t	2024-09-24 02:35:38.69886	c0a80129-8ff1-179d-818f-f209a0bd0001	c0a800a7-8f42-1fde-818f-4335256b0000	\N
c0a80128-9220-18ba-8192-213b0256000e	regregre	t	2024-09-24 02:32:48.342516	c0a80129-8ff1-179d-818f-f209a0bd0001	c0a800a7-8f42-1fde-818f-4335256b0000	\N
c0a80128-9220-18ba-8192-213a1af2000d	vfdfbrfb	t	2024-09-24 02:31:49.105488	c0a80129-8ff1-179d-818f-f209a0bd0001	c0a800a7-8f42-1fde-818f-4335256b0000	\N
c0a80128-9220-18ba-8192-2139f2f0000c	sfsrfrf	t	2024-09-24 02:31:38.864027	c0a80129-8ff1-179d-818f-f209a0bd0001	c0a800a7-8f42-1fde-818f-4335256b0000	\N
c0a80128-9220-18ba-8192-212c8e3e0004	ffsrgrg	t	2024-09-24 02:17:01.117787	c0a80129-8ff1-179d-818f-f209a0bd0001	c0a800a7-8f42-1fde-818f-4335256b0000	\N
c0a80128-9220-18ba-8192-2137e55b000b	ffffff	t	2024-09-24 02:29:24.314736	c0a80129-8ff1-179d-818f-f209a0bd0001	c0a800a7-8f42-1fde-818f-4335256b0000	\N
c0a80128-9220-18ba-8192-212fe7e40006	hello	t	2024-09-24 02:20:40.67581	c0a80129-8ff1-179d-818f-f209a0bd0001	c0a800a7-8f42-1fde-818f-4335256b0000	\N
c0a80128-9220-18ba-8192-21339a3d000a	frgrg	t	2024-09-24 02:24:42.940986	c0a80129-8ff1-179d-818f-f209a0bd0001	c0a800a7-8f42-1fde-818f-4335256b0000	\N
c0a80128-9220-18ba-8192-212da1330005	gtgdtghth	t	2024-09-24 02:18:11.506699	c0a80129-8ff1-179d-818f-f209a0bd0001	c0a800a7-8f42-1fde-818f-4335256b0000	\N
c0a80128-9220-18ba-8192-21309c030007	frgagr	t	2024-09-24 02:21:26.787565	c0a80129-8ff1-179d-818f-f209a0bd0001	c0a800a7-8f42-1fde-818f-4335256b0000	\N
c0a80128-9220-18ba-8192-2133202d0009	freggr	t	2024-09-24 02:24:11.69339	c0a80129-8ff1-179d-818f-f209a0bd0001	c0a800a7-8f42-1fde-818f-4335256b0000	\N
c0a80128-9220-18ba-8192-2132fc850008	frefreger	t	2024-09-24 02:24:02.565755	c0a80129-8ff1-179d-818f-f209a0bd0001	c0a800a7-8f42-1fde-818f-4335256b0000	\N
c0a80128-9216-1868-8192-1686a3770004	hello1	t	2024-09-22 00:39:35.414936	c0a80129-8ff1-179d-818f-f209a0bd0001	c0a800a7-8f42-1fde-818f-4335256b0000	\N
c0a80128-9220-18ba-8192-21198c060002	nkjij	t	2024-09-24 01:56:15.365424	c0a80129-8ff1-179d-818f-f209a0bd0001	c0a800a7-8f42-1fde-818f-4335256b0000	\N
c0a80128-9220-18ba-8192-20f310410001	hello4	t	2024-09-24 01:14:13.312648	c0a80129-8ff1-179d-818f-f209a0bd0001	c0a800a7-8f42-1fde-818f-4335256b0000	\N
c0a80128-9220-18ba-8192-2129e52e0003	freggr	t	2024-09-24 02:14:06.765861	c0a80129-8ff1-179d-818f-f209a0bd0001	c0a800a7-8f42-1fde-818f-4335256b0000	\N
c0a80128-9216-1868-8192-167d39b10000	hello	t	2024-09-22 00:29:18.508887	c0a80129-8ff1-179d-818f-f209a0bd0001	c0a800a7-8f42-1fde-818f-4335256b0000	\N
c0a80128-9220-18ba-8192-20ee1df30000	hello3	t	2024-09-24 01:08:49.138785	c0a80129-8ff1-179d-818f-f209a0bd0001	c0a800a7-8f42-1fde-818f-4335256b0000	\N
c0a80128-9216-1868-8192-167d630d0001	rdgdh	t	2024-09-22 00:29:29.101167	c0a80129-8ff1-179d-818f-f209a0bd0001	c0a800a7-8f42-1fde-818f-4335256b0000	\N
c0a80128-9216-1868-8192-1681f7b20002	hello	t	2024-09-22 00:34:29.298046	c0a80129-8ff1-179d-818f-f209a0bd0001	c0a800a7-8f42-1fde-818f-4335256b0000	\N
c0a80128-9216-1868-8192-16828fdc0003	dghxtdht	t	2024-09-22 00:35:08.252292	c0a80129-8ff1-179d-818f-f209a0bd0001	c0a800a7-8f42-1fde-818f-4335256b0000	\N
c0a80128-922a-1897-8192-2a581b35000a	лчвллвлв	t	2024-09-25 21:01:10.196725	c0a80129-8ff1-179d-818f-f209a0bd0001	c0a800a7-8f42-1fde-818f-448922db0002	\N
c0a80128-922a-1897-8192-2a572a290009	плплпл	t	2024-09-25 21:00:08.489335	c0a80129-8ff1-179d-818f-f209a0bd0001	c0a800a7-8f42-1fde-818f-448922db0002	\N
c0a80128-922a-1897-8192-2a5530300007	ejejjeej	t	2024-09-25 20:57:58.959484	c0a80129-8ff1-179d-818f-f209a0bd0001	c0a800a7-8f42-1fde-818f-448922db0002	\N
c0a80128-922a-1897-8192-2a5285630003	vggfd	t	2024-09-25 20:55:04.163699	c0a80129-8ff1-179d-818f-f209a0bd0001	c0a800a7-8f42-1fde-818f-448922db0002	\N
c0a80128-922a-1897-8192-2a5260270001	djsjsjsj	t	2024-09-25 20:54:54.631649	c0a80129-8ff1-179d-818f-f209a0bd0001	c0a800a7-8f42-1fde-818f-448922db0002	\N
c0a80128-922a-1897-8192-2a5299fd0004	dhdjisis	t	2024-09-25 20:55:09.437698	c0a80129-8ff1-179d-818f-f209a0bd0001	c0a800a7-8f42-1fde-818f-448922db0002	\N
c0a80128-922a-1897-8192-2a5232300000	hello	t	2024-09-25 20:54:42.862229	c0a80129-8ff1-179d-818f-f209a0bd0001	c0a800a7-8f42-1fde-818f-448922db0002	\N
c0a80128-922a-1897-8192-2a526c620002	jssjs	t	2024-09-25 20:54:57.761835	c0a80129-8ff1-179d-818f-f209a0bd0001	c0a800a7-8f42-1fde-818f-448922db0002	\N
c0a80128-922a-1897-8192-2a52a24b0005	3i3i3i	t	2024-09-25 20:55:11.563079	c0a80129-8ff1-179d-818f-f209a0bd0001	c0a800a7-8f42-1fde-818f-448922db0002	\N
c0a80128-922a-1897-8192-2a55248f0006	dhsjssj	t	2024-09-25 20:57:55.982565	c0a80129-8ff1-179d-818f-f209a0bd0001	c0a800a7-8f42-1fde-818f-448922db0002	\N
c0a80128-922a-1897-8192-2a5712250008	привет 	t	2024-09-25 21:00:02.341674	c0a80129-8ff1-179d-818f-f209a0bd0001	c0a800a7-8f42-1fde-818f-448922db0002	\N
c0a80128-922a-1897-8192-2a643741000f	привет	t	2024-09-25 21:14:23.809138	c0a80129-8ff1-179d-818f-f209a0bd0001	c0a800a7-8f42-1fde-818f-448922db0002	\N
c0a80128-922a-1897-8192-2a589c8c000d	привет	t	2024-09-25 21:01:43.308548	c0a80129-8ff1-179d-818f-f209a0bd0001	c0a800a7-8f42-1fde-818f-448922db0002	c0a80128-9229-1e0a-8192-2a0c299e0001
c0a80128-922a-1897-8192-2a89d4ea0010	лааллалв	t	2024-09-25 21:55:29.001778	c0a80129-8ff1-179d-818f-f209a0bd0001	c0a800a7-8f42-1fde-818f-448922db0002	\N
c0a80128-922a-1897-8192-2a8a19480011	vdfggdrgrgfg	t	2024-09-25 21:55:46.504153	c0a80129-8ff1-179d-818f-f209a0bd0001	c0a800a7-8f42-1fde-818f-4335256b0000	\N
c0a80128-922a-1897-8192-2a8ba6a20012	4ааа4	t	2024-09-25 21:57:28.22605	c0a80129-8ff1-179d-818f-f209a0bd0001	c0a800a7-8f42-1fde-818f-448922db0002	\N
c0a80128-922a-1897-8192-2a8d3a990013	уладдв	t	2024-09-25 21:59:11.641301	c0a80129-8ff1-179d-818f-f209a0bd0001	c0a800a7-8f42-1fde-818f-448922db0002	\N
c0a80128-922a-1897-8192-2a8e7f420014	вьвььв	t	2024-09-25 22:00:34.754463	c0a80129-8ff1-179d-818f-f209a0bd0001	c0a800a7-8f42-1fde-818f-448922db0002	\N
c0a80128-922a-1897-8192-2a9246e20018	лвлвдв	t	2024-09-25 22:04:42.466487	c0a80129-8ff1-179d-818f-f209a0bd0001	c0a800a7-8f42-1fde-818f-448922db0002	\N
c0a80128-922a-1897-8192-2a8e97020015	vfdssrgw	t	2024-09-25 22:00:40.83445	c0a80129-8ff1-179d-818f-f209a0bd0001	c0a800a7-8f42-1fde-818f-4335256b0000	\N
c0a80128-922a-1897-8192-2a9229ad0016	bvhjbjhbh	t	2024-09-25 22:04:34.988476	c0a80129-8ff1-179d-818f-f209a0bd0001	c0a800a7-8f42-1fde-818f-4335256b0000	\N
c0a80128-922a-1897-8192-2a923b0a0017	ласлвлвь	t	2024-09-25 22:04:39.434455	c0a80129-8ff1-179d-818f-f209a0bd0001	c0a800a7-8f42-1fde-818f-448922db0002	\N
c0a80128-922a-1897-8192-2a924f700019	ввдвду	t	2024-09-25 22:04:44.655861	c0a80129-8ff1-179d-818f-f209a0bd0001	c0a800a7-8f42-1fde-818f-448922db0002	\N
c0a80128-922a-1897-8192-2a9255c7001a	лулулу	t	2024-09-25 22:04:46.279072	c0a80129-8ff1-179d-818f-f209a0bd0001	c0a800a7-8f42-1fde-818f-448922db0002	\N
c0a80128-922a-1897-8192-2a926757001b	mnklklj	t	2024-09-25 22:04:50.77548	c0a80129-8ff1-179d-818f-f209a0bd0001	c0a800a7-8f42-1fde-818f-4335256b0000	\N
c0a80128-922a-1897-8192-2abc2b8f0022	опоалаьадв	t	2024-09-25 22:50:27.983219	c0a80129-8ff1-179d-818f-f209a0bd0001	c0a800a7-8f42-1fde-818f-448922db0002	\N
c0a80128-922a-1897-8192-2abc39840023	ашалал	t	2024-09-25 22:50:31.555895	c0a80129-8ff1-179d-818f-f209a0bd0001	c0a800a7-8f42-1fde-818f-448922db0002	\N
c0a80128-922a-1897-8192-2abc12c10020	теют	t	2024-09-25 22:50:21.63306	c0a80129-8ff1-179d-818f-f209a0bd0001	c0a800a7-8f42-1fde-818f-448922db0002	\N
c0a80128-922a-1897-8192-2abc20530021	привет	t	2024-09-25 22:50:25.107401	c0a80129-8ff1-179d-818f-f209a0bd0001	c0a800a7-8f42-1fde-818f-448922db0002	\N
c0a80128-922a-1897-8192-2abd113c0024	jkjij	t	2024-09-25 22:51:26.780783	c0a80129-8ff1-179d-818f-f209a0bd0001	c0a800a7-8f42-1fde-818f-4335256b0000	\N
c0a80128-922a-1897-8192-2abd2e3a0025	kkm	t	2024-09-25 22:51:34.20229	c0a80129-8ff1-179d-818f-f209a0bd0001	c0a800a7-8f42-1fde-818f-4335256b0000	\N
c0a80128-922a-1897-8192-2abd3aab0026	тчьчьчбч	t	2024-09-25 22:51:37.387335	c0a80129-8ff1-179d-818f-f209a0bd0001	c0a800a7-8f42-1fde-818f-448922db0002	\N
c0a80128-922a-1897-8192-2abd44590027	кллаал	t	2024-09-25 22:51:39.865265	c0a80129-8ff1-179d-818f-f209a0bd0001	c0a800a7-8f42-1fde-818f-448922db0002	\N
c0a80128-922a-1897-8192-2adfa5f10028	hello	t	2024-09-25 23:29:13.072622	c0a80129-8ff1-179d-818f-f209a0bd0001	c0a800a7-8f42-1fde-818f-4335256b0000	c0a80128-922a-1897-8192-2abc12c10020
c0a80128-923a-18d0-8192-3a5c18d70000	hello	t	2024-09-28 23:39:27.185831	c0a80129-8ff1-179d-818f-f209a0bd0001	c0a800a7-8f42-1fde-818f-4335256b0000	\N
c0a80128-923a-1304-8192-3a7d1a1d0003	sgrgrrrf	t	2024-09-29 00:15:30.20497	c0a80129-8ff1-179d-818f-f209a0bd0001	c0a800a7-8f42-1fde-818f-4335256b0000	\N
c0a80128-923a-1a9a-8192-3a8b41e20000	hello blyat	t	2024-09-29 00:30:57.888268	c0a80129-8ff1-179d-818f-f209a0bd0001	c0a800a7-8f42-1fde-818f-448922db0002	\N
c0a80128-923a-1a9a-8192-3adc944d0001	getgg	f	2024-09-29 01:59:47.404666	c0a80129-8ff1-179d-818f-f209a0bd0001	c0a800a7-8f42-1fde-818f-4335256b0000	\N
c0a80128-923a-1a9a-8192-3add882d0002	tgete	f	2024-09-29 02:00:49.836927	c0a80129-8ff1-179d-818f-f209a0bd0001	c0a800a7-8f42-1fde-818f-4335256b0000	\N
\.


--
-- TOC entry 4454 (class 0 OID 428095)
-- Dependencies: 220
-- Data for Name: post_images; Type: TABLE DATA; Schema: public; Owner: postgres
--

COPY public.post_images (post_id, images) FROM stdin;
c0a80129-8f6e-1c17-818f-6e4c7c990000	7c37bd4a-b0d6-466d-a746-c7db815735fa_temp_image_380c884f-b129-405c-935d-db4a1bd7d87e.jpg
c0a80129-8f6e-1fac-818f-6e3ffa640000	c6f25f93-3781-48eb-85ff-643131e8a6e6_temp_image_60b5fb19-cc33-4019-8975-a7f1a7978619.jpg
c0a80129-8f6e-1f0c-818f-6e4f82890000	6e9ade2f-5433-4f88-838d-080800d81f9d_temp_image_016fe5e3-0dde-414d-a88f-0796244ca6a9.jpg
c0a80129-8f6e-1f0c-818f-6e4f82890000	85368200-d26d-463d-9825-b3d0dd77f0db_temp_image_b4d6c43c-f3fb-4c1b-94d7-4868efec3ce3.jpg
c0a80129-8faa-1449-818f-aa87b26e0001	5b7b6423-6629-48f4-8d82-80691ea129ee_temp_image_b44d8a69-7aee-40d2-aa9a-2bf6b9639fe6.jpg
c0a80129-8ff6-1d88-818f-f6fdbe040000	237f5587-1eeb-42c0-a38f-480f4eae0de0_temp_image_df1e8900-8277-4f36-84c0-edb9953a2c1c.jpg
\.


--
-- TOC entry 4455 (class 0 OID 428098)
-- Dependencies: 221
-- Data for Name: posts; Type: TABLE DATA; Schema: public; Owner: postgres
--

COPY public.posts (id, content, publish_date, user_id) FROM stdin;
c0a800a7-8f47-1877-818f-484197510000	my first post (edited3)4	2024-05-05 13:16:49	c0a800a7-8f42-1fde-818f-448922db0002
c0a80129-8f6e-14a6-818f-6e372a4f0000	frwgfoog	2024-05-12 22:11:00.166065	c0a800a7-8f42-1fde-818f-4335256b0000
c0a80129-8f6e-185f-818f-6e3892030000	dhzhth	2024-05-12 22:12:32.24396	c0a800a7-8f42-1fde-818f-4335256b0000
c0a80129-8f6e-185f-818f-6e3caa2b0001	ghghgj	2024-05-12 22:17:00.58713	c0a800a7-8f42-1fde-818f-4335256b0000
c0a80129-8f6e-185f-818f-6e3f0c880002	hgvhg	2024-05-12 22:19:36.839687	c0a800a7-8f42-1fde-818f-4335256b0000
c0a80129-8f6e-1fac-818f-6e3ffa640000	fgdthdtjf	2024-05-12 22:20:37	c0a800a7-8f42-1fde-818f-4335256b0000
c0a80129-8f6e-1c17-818f-6e4c7c990000	dtfghjk	2024-05-12 22:34:17	c0a800a7-8f42-1fde-818f-4335256b0000
c0a80129-8f6e-1f0c-818f-6e4f82890000	dsvgfhj	2024-05-12 22:37:35	c0a800a7-8f42-1fde-818f-4335256b0000
c0a80129-8faa-1449-818f-aa87b26e0001	photo	2024-05-24 15:16:10.862127	c0a800a7-8f42-1fde-818f-4335256b0000
c0a80129-8faa-1449-818f-aa8730eb0000	test1	2024-05-24 15:15:37	c0a800a7-8f42-1fde-818f-4335256b0000
c0a80129-8ff6-1d88-818f-f6fdbe040000	new post	2024-06-08 11:36:15	c0a800a7-8f42-1fde-818f-4335256b0000
\.


--
-- TOC entry 4457 (class 0 OID 428104)
-- Dependencies: 223
-- Data for Name: refresh_token; Type: TABLE DATA; Schema: public; Owner: postgres
--

COPY public.refresh_token (id, expiration_time, refresh_token, user_id) FROM stdin;
33	2024-06-11 21:16:30.141171+03	035d4101-b08e-4d40-8e6c-e9e1b001bbb0	c0a80129-8fba-18c5-818f-ba66eb940000
57	2024-06-24 11:07:39.294283+03	97e609c2-3428-4d59-ab51-77afa5e9a9e8	c0a80129-9002-1cea-8190-02b71ec00000
157	2024-10-05 23:43:29.624621+03	edc5516f-f471-4c24-b79e-0e40da4e4a1f	c0a800a7-8f42-1fde-818f-448922db0002
160	2024-10-06 00:00:58.227289+03	11248417-87e1-4ff0-9d56-9fb77ce593c7	c0a800a7-8f42-1fde-818f-4335256b0000
\.


--
-- TOC entry 4459 (class 0 OID 428113)
-- Dependencies: 225
-- Data for Name: user_favorite_artists_ids; Type: TABLE DATA; Schema: public; Owner: postgres
--

COPY public.user_favorite_artists_ids (user_id, favorite_artists_ids) FROM stdin;
c0a800a7-8f4a-1726-818f-4a755de70000	277200
c0a800a7-8f4a-1726-818f-4a755de70000	2497980
c0a800a7-8f4a-1726-818f-4a755de70000	3056823
c0a80129-8ff3-15f0-818f-f31aa9420000	3348552
c0a80129-8ff3-15f0-818f-f31aa9420000	885103
c0a80129-8ff3-15f0-818f-f31aa9420000	6378
c0a80129-8ff3-15f0-818f-f31aa9420000	1229202
c0a80129-9002-1cea-8190-02b71ec00000	501634
c0a80129-9002-1cea-8190-02b71ec00000	275118
c0a80129-9002-1cea-8190-02b71ec00000	1176092
c0a80129-9030-17b3-8190-312143750000	1004520
c0a80129-9030-17b3-8190-312143750000	2731318
c0a80129-9030-17b3-8190-312143750000	3807637
c0a80129-9030-17b3-8190-312143750000	80395
c0a80123-9088-1d39-8190-892e13990000	60752
c0a80123-9088-1d39-8190-892e13990000	108722
c0a80123-9088-1d39-8190-892e13990000	1196049
c0a80123-9088-1d39-8190-892e13990000	10096498
c0a800a7-8f42-1fde-818f-448922db0002	581969
c0a800a7-8f42-1fde-818f-448922db0002	110949
c0a800a7-8f42-1fde-818f-448922db0002	4982
c0a800a7-8f42-1fde-818f-448922db0002	1031
c0a80128-91dd-1166-8191-dda4b8f10000	331217
c0a80128-91dd-1166-8191-dda4b8f10000	168907
c0a80128-91dd-1166-8191-dda4b8f10000	170358
c0a80128-91dd-1166-8191-dda4b8f10000	1232778
c0a80128-91dd-1166-8191-dda4b8f10000	160906
c0a8cab1-91e1-1acd-8191-e132bca80001	215518
c0a8cab1-91e1-1acd-8191-e132bca80001	70735
c0a8cab1-91e1-1acd-8191-e132bca80001	1252348
c0a8cab1-91e1-1acd-8191-e132bca80001	3080
c0a80128-91f5-1b1d-8191-f650a01d0000	757435
c0a80128-91f5-1b1d-8191-f650a01d0000	371761
c0a80128-91f5-1b1d-8191-f650a01d0000	3027150
\.


--
-- TOC entry 4458 (class 0 OID 428110)
-- Dependencies: 224
-- Data for Name: user_favorite_genres; Type: TABLE DATA; Schema: public; Owner: postgres
--

COPY public.user_favorite_genres (user_id, genre_id) FROM stdin;
c0a80129-904d-1e9d-8190-4df091560000	0b5fb493-b45b-4b5b-b5b2-6b8c4b5b4b5b
c0a80129-904d-1e9d-8190-4df091560000	3b5fb493-b45b-4b5b-b5b2-6b8c4b5b4b5b
c0a80129-904d-1e9d-8190-4df091560000	9b5fb493-b45b-4b5b-b5b2-6b8c4b5b4b5b
c0a80129-904d-1e9d-8190-4e059dc40007	0b5fb493-b45b-4b5b-b5b2-6b8c4b5b4b5b
c0a80129-904d-1e9d-8190-4e059dc40007	ab5fb493-b45b-4b5b-b5b2-6b8c4b5b4b5b
c0a80129-904d-1e9d-8190-4e059dc40007	cb5fb493-b45b-4b5b-b5b2-6b8c4b5b4b5b
c0a80129-8fba-18c5-818f-ba66eb940000	0b5fb493-b45b-4b5b-b5b2-6b8c4b5b4b5b
c0a80129-8fba-18c5-818f-ba66eb940000	2b5fb493-b45b-4b5b-b5b2-6b8c4b5b4b5b
c0a80129-8fba-18c5-818f-ba66eb940000	3b5fb493-b45b-4b5b-b5b2-6b8c4b5b4b5b
c0a80123-9088-1d39-8190-892e13990000	4b5fb493-b45b-4b5b-b5b2-6b8c4b5b4b5b
c0a80123-9088-1d39-8190-892e13990000	9b5fb493-b45b-4b5b-b5b2-6b8c4b5b4b5b
c0a80123-9088-1d39-8190-892e13990000	ab5fb493-b45b-4b5b-b5b2-6b8c4b5b4b5b
c0a800a7-8f42-1fde-818f-448922db0002	0b5fb493-b45b-4b5b-b5b2-6b8c4b5b4b5b
c0a800a7-8f42-1fde-818f-448922db0002	2b5fb493-b45b-4b5b-b5b2-6b8c4b5b4b5b
c0a800a7-8f42-1fde-818f-448922db0002	9b5fb493-b45b-4b5b-b5b2-6b8c4b5b4b5b
c0a800a7-8f42-1fde-818f-448922db0002	ab5fb493-b45b-4b5b-b5b2-6b8c4b5b4b5b
c0a8cab1-91e1-1acd-8191-e132bca80001	0b5fb493-b45b-4b5b-b5b2-6b8c4b5b4b5b
c0a8cab1-91e1-1acd-8191-e132bca80001	3b5fb493-b45b-4b5b-b5b2-6b8c4b5b4b5b
c0a8cab1-91e1-1acd-8191-e132bca80001	ab5fb493-b45b-4b5b-b5b2-6b8c4b5b4b5b
c0a80129-8ff3-15f0-818f-f31aa9420000	0b5fb493-b45b-4b5b-b5b2-6b8c4b5b4b5b
c0a80129-8ff3-15f0-818f-f31aa9420000	3b5fb493-b45b-4b5b-b5b2-6b8c4b5b4b5b
c0a80129-8ff3-15f0-818f-f31aa9420000	4b5fb493-b45b-4b5b-b5b2-6b8c4b5b4b5b
c0a80129-8ff3-15f0-818f-f31aa9420000	7b5fb493-b45b-4b5b-b5b2-6b8c4b5b4b5b
c0a80129-9002-1cea-8190-02b71ec00000	0b5fb493-b45b-4b5b-b5b2-6b8c4b5b4b5b
c0a80129-9002-1cea-8190-02b71ec00000	2b5fb493-b45b-4b5b-b5b2-6b8c4b5b4b5b
c0a80128-91f5-1b1d-8191-f650a01d0000	0b5fb493-b45b-4b5b-b5b2-6b8c4b5b4b5b
c0a80129-9030-17b3-8190-312143750000	2b5fb493-b45b-4b5b-b5b2-6b8c4b5b4b5b
c0a800a7-8f4a-1726-818f-4a755de70000	ab5fb493-b45b-4b5b-b5b2-6b8c4b5b4b5b
c0a800a7-8f4a-1726-818f-4a755de70000	9b5fb493-b45b-4b5b-b5b2-6b8c4b5b4b5b
c0a800a7-8f4a-1726-818f-4a755de70000	2b5fb493-b45b-4b5b-b5b2-6b8c4b5b4b5b
c0a80129-9030-17b3-8190-312143750000	3b5fb493-b45b-4b5b-b5b2-6b8c4b5b4b5b
c0a80128-91f5-1b1d-8191-f650a01d0000	2b5fb493-b45b-4b5b-b5b2-6b8c4b5b4b5b
c0a80128-91f5-1b1d-8191-f650a01d0000	3b5fb493-b45b-4b5b-b5b2-6b8c4b5b4b5b
c0a80129-9002-1cea-8190-02b71ec00000	8b5fb493-b45b-4b5b-b5b2-6b8c4b5b4b5b
c0a80129-9002-1cea-8190-02b71ec00000	9b5fb493-b45b-4b5b-b5b2-6b8c4b5b4b5b
c0a80128-91dd-1166-8191-dda4b8f10000	3b5fb493-b45b-4b5b-b5b2-6b8c4b5b4b5b
c0a80129-902c-11f4-8190-2c9509720000	db5fb493-b45b-4b5b-b5b2-6b8c4b5b4b5b
c0a80128-91dd-1166-8191-dda4b8f10000	ab5fb493-b45b-4b5b-b5b2-6b8c4b5b4b5b
c0a80128-91dd-1166-8191-dda4b8f10000	db5fb493-b45b-4b5b-b5b2-6b8c4b5b4b5b
c0a80128-91dd-1166-8191-dda4b8f10000	9b5fb493-b45b-4b5b-b5b2-6b8c4b5b4b5b
c0a800a7-8f42-1fde-818f-4335256b0000	2b5fb493-b45b-4b5b-b5b2-6b8c4b5b4b5b
c0a800a7-8f42-1fde-818f-4335256b0000	7b5fb493-b45b-4b5b-b5b2-6b8c4b5b4b5b
c0a800a7-8f42-1fde-818f-4335256b0000	8b5fb493-b45b-4b5b-b5b2-6b8c4b5b4b5b
c0a800a7-8f42-1fde-818f-4335256b0000	9b5fb493-b45b-4b5b-b5b2-6b8c4b5b4b5b
c0a800a7-8f42-1fde-818f-4335256b0000	ab5fb493-b45b-4b5b-b5b2-6b8c4b5b4b5b
\.


--
-- TOC entry 4460 (class 0 OID 428116)
-- Dependencies: 226
-- Data for Name: user_friends; Type: TABLE DATA; Schema: public; Owner: postgres
--

COPY public.user_friends (user_id, friend_id) FROM stdin;
c0a800a7-8f42-1fde-818f-448922db0002	c0a800a7-8f42-1fde-818f-4335256b0000
c0a800a7-8f42-1fde-818f-4335256b0000	c0a800a7-8f42-1fde-818f-448922db0002
\.


--
-- TOC entry 4461 (class 0 OID 428119)
-- Dependencies: 227
-- Data for Name: user_languages; Type: TABLE DATA; Schema: public; Owner: postgres
--

COPY public.user_languages (user_id, languages) FROM stdin;
c0a800a7-8f4a-1726-818f-4a755de70000	English
c0a800a7-8f4a-1726-818f-4a755de70000	Spanish
c0a80129-904d-1e9d-8190-4e059dc40007	English
c0a800a7-8f42-1fde-818f-4335256b0000	Russian
c0a800a7-8f42-1fde-818f-4335256b0000	English
c0a800a7-8f42-1fde-818f-4335256b0000	French
c0a800a7-8f42-1fde-818f-448922db0002	
\.


--
-- TOC entry 4462 (class 0 OID 428122)
-- Dependencies: 228
-- Data for Name: user_posts; Type: TABLE DATA; Schema: public; Owner: postgres
--

COPY public.user_posts (post_id, user_id) FROM stdin;
c0a800a7-8f47-1877-818f-484197510000	c0a800a7-8f42-1fde-818f-4335256b0000
c0a80129-8faa-1449-818f-aa87b26e0001	c0a800a7-8f42-1fde-818f-4335256b0000
c0a80129-8faa-1449-818f-aa8730eb0000	c0a800a7-8f42-1fde-818f-4335256b0000
c0a80129-8ff6-1d88-818f-f6fdbe040000	c0a800a7-8f42-1fde-818f-4335256b0000
\.


--
-- TOC entry 4463 (class 0 OID 428127)
-- Dependencies: 229
-- Data for Name: users; Type: TABLE DATA; Schema: public; Owner: postgres
--

COPY public.users (id, avatar_url, birthday, city, country, description, email, first_name, gender, last_name, password, role, is_online, last_online, base_url) FROM stdin;
c0a800a7-8f4a-1726-818f-4a755de70000	\N	2002-05-05	Sydney	Австралия		d.jackson@gmail.com	Dave	MALE	Jackson	$2a$10$r0KHylQBCffqHSHDxODoz.HaYrMGuPsMchT7lTAtSHX5/0Vnc19rC	ROLE_USER	f	\N	\N
c0a80129-9030-17b3-8190-312143750000	\N	2010-06-19		Албания	kkllklko	srgfr@gsr.g	ttttt	FEMALE	ttttt	$2a$10$SIHn473nUxyWQ4J1iFF1eeZqVLetIFe9eJlaGGBO3U8DcTEGUiAJu	ROLE_USER	f	\N	\N
c0a80129-8ff3-15f0-818f-f31aa9420000	\N	2010-06-07		Австралия	dhdjssksk	shhdh@df.f	Test	MALE	User	$2a$10$vmFpPIxUEpJrrJmdbjhkpu9FTPPRJV42Mu/MdSoRgD4gXLK3tjBcm	ROLE_USER	t	\N	\N
c0a80129-904d-1e9d-8190-4e059dc40007	\N	2010-06-25	Vena	Австрия	test	test@test.com11	Test	MALE	user	$2a$10$qZ5xQbePOhfiGi5Hq/3rLeUGcot.5K.YchYVdhDXAoM8OUlrJmNfu	ROLE_USER	f	\N	\N
c0a80129-8fba-18c5-818f-ba66eb940000	\N	2010-05-27		Russia		wrgrgsrg@gfesg.g	Alexey	MALE	Pushkin	$2a$10$8JoS2Cs1Mj/9.KTwCfBdp.QLcJ1bdKX.85Rt0ksE9hhHLck.X.xK6	ROLE_USER	f	2024-06-04 22:05:12.809986	\N
c0a80129-902c-11f4-8190-2c9509720000	\N	2010-06-01		Австрия		r@grg.g	Test4	FEMALE	Test4	$2a$10$3cfn.19/dq0NEEQHF8y2r.LUksWLbLIa7Z53sd450ZGXVYqcWpi.i	ROLE_USER	f	2024-06-18 22:15:18.66112	\N
c0a800a7-8f42-1fde-818f-4335256b0000	20149694-0ae0-44fb-b95e-f85eebe94ccd_temp_image_259fa58b-0fda-42bd-aede-27010a07419d.jpg	2004-02-18	Москва	Россия	this is description	artemkraus69@gmail.com	Artem	MALE	Kraus	$2a$10$IW4Zfm2d2jLz1AUskng5YOO9KmWlW6RespEGlopFYFdsIrn7OTkp2	ROLE_USER	t	\N	\N
c0a80129-9002-1cea-8190-02b71ec00000	\N	2010-06-06		Азербайджан		test@test.com	Test2	MALE	test2	$2a$10$MFovE4mxyA70uigdOha5X.as7tCFXrxndkEy52P2d2DHbMFotXdrW	ROLE_USER	t	\N	\N
c0a80129-904d-1e9d-8190-4df091560000	\N	2010-06-25		Алжир	test	test@t.t	Test	MALE	Test	$2a$10$zEDrBaucHwxij6aYztxGteatOtMLn7edSu.cQmmptZ1561f5ke4je	ROLE_USER	f	\N	\N
c0a80128-91dd-1166-8191-dda4b8f10000	\N	2010-09-10		Аландские острова	test1	test@test1.com	Test1	MALE	Test1	$2a$10$Xh2L6PtpdxbJtjxuW0TWI.2kdiaOnt76qRGOyOZLNywYy7Q1xdYSe	ROLE_USER	t	\N	\N
c0a8cab1-91e1-1acd-8191-e132bca80001	\N	2010-09-11		Албания		test2@test2.com	Test	FEMALE	User	$2a$10$fDhu9WzwheU/eYDBtAu//u6GjwS29LyO0U7lA/w0sfWw0eSlBKwKC	ROLE_USER	t	\N	\N
c0a80123-9088-1d39-8190-892e13990000	\N	2010-07-06	Huy znaet	Албания	Huy znaet cho govorit	kek@ekke.kek	Kek	MALE	Kekov	$2a$10$MzgQqlsZim/2LMtbpOhGNO6sfVIYzs2RZJDSA9nYvhTiGF97e.jti	ROLE_USER	t	\N	\N
c0a80128-91f5-1b1d-8191-f650a01d0000	f5a211e9-5ddd-4f3b-b580-62b4fae4c829_temp_image_a7cd8962-6806-4bc8-8785-f0750030a217.jpg	2010-09-15	Huy znaet	Албания	jhuytyhui	t1@t.com	TTTT	MALE	ttttt	$2a$10$tgpwe.gasaegbMHQirEv9upk2hKky0I6cVVb78rsaZmcZHeoWj94q	ROLE_USER	f	\N	\N
c0a800a7-8f42-1fde-818f-448922db0002	\N	2010-05-04		Албания	something about me\nkek	i.ivanov@gmail.com	Ivan	MALE	Ivanov	$2a$10$nnWxTzv293/y0PJrQv4E8eh7sRYGruoBJLdyz/2d/ivcPlSEIRgDG	ROLE_USER	t	\N	\N
\.


--
-- TOC entry 4470 (class 0 OID 0)
-- Dependencies: 222
-- Name: refresh_token_id_seq; Type: SEQUENCE SET; Schema: public; Owner: postgres
--

SELECT pg_catalog.setval('public.refresh_token_id_seq', 160, true);


--
-- TOC entry 4271 (class 2606 OID 428083)
-- Name: chats chats_pkey; Type: CONSTRAINT; Schema: public; Owner: postgres
--

ALTER TABLE ONLY public.chats
    ADD CONSTRAINT chats_pkey PRIMARY KEY (id);


--
-- TOC entry 4269 (class 2606 OID 27421)
-- Name: genres genres_pkey; Type: CONSTRAINT; Schema: public; Owner: postgres
--

ALTER TABLE ONLY public.genres
    ADD CONSTRAINT genres_pkey PRIMARY KEY (id);


--
-- TOC entry 4273 (class 2606 OID 428089)
-- Name: invite invite_pkey; Type: CONSTRAINT; Schema: public; Owner: postgres
--

ALTER TABLE ONLY public.invite
    ADD CONSTRAINT invite_pkey PRIMARY KEY (id);


--
-- TOC entry 4275 (class 2606 OID 428094)
-- Name: messages messages_pkey; Type: CONSTRAINT; Schema: public; Owner: postgres
--

ALTER TABLE ONLY public.messages
    ADD CONSTRAINT messages_pkey PRIMARY KEY (id);


--
-- TOC entry 4277 (class 2606 OID 428102)
-- Name: posts posts_pkey; Type: CONSTRAINT; Schema: public; Owner: postgres
--

ALTER TABLE ONLY public.posts
    ADD CONSTRAINT posts_pkey PRIMARY KEY (id);


--
-- TOC entry 4279 (class 2606 OID 428109)
-- Name: refresh_token refresh_token_pkey; Type: CONSTRAINT; Schema: public; Owner: postgres
--

ALTER TABLE ONLY public.refresh_token
    ADD CONSTRAINT refresh_token_pkey PRIMARY KEY (id);


--
-- TOC entry 4285 (class 2606 OID 428139)
-- Name: users uk_6dotkott2kjsp8vw4d0m25fb7; Type: CONSTRAINT; Schema: public; Owner: postgres
--

ALTER TABLE ONLY public.users
    ADD CONSTRAINT uk_6dotkott2kjsp8vw4d0m25fb7 UNIQUE (email);


--
-- TOC entry 4281 (class 2606 OID 428137)
-- Name: refresh_token uk_f95ixxe7pa48ryn1awmh2evt7; Type: CONSTRAINT; Schema: public; Owner: postgres
--

ALTER TABLE ONLY public.refresh_token
    ADD CONSTRAINT uk_f95ixxe7pa48ryn1awmh2evt7 UNIQUE (user_id);


--
-- TOC entry 4283 (class 2606 OID 428126)
-- Name: user_posts user_posts_pkey; Type: CONSTRAINT; Schema: public; Owner: postgres
--

ALTER TABLE ONLY public.user_posts
    ADD CONSTRAINT user_posts_pkey PRIMARY KEY (post_id, user_id);


--
-- TOC entry 4287 (class 2606 OID 428135)
-- Name: users users_pkey; Type: CONSTRAINT; Schema: public; Owner: postgres
--

ALTER TABLE ONLY public.users
    ADD CONSTRAINT users_pkey PRIMARY KEY (id);


--
-- TOC entry 4301 (class 2606 OID 428205)
-- Name: user_friends fk11y5boh1e7gh60rdqixyetv3x; Type: FK CONSTRAINT; Schema: public; Owner: postgres
--

ALTER TABLE ONLY public.user_friends
    ADD CONSTRAINT fk11y5boh1e7gh60rdqixyetv3x FOREIGN KEY (friend_id) REFERENCES public.users(id);


--
-- TOC entry 4304 (class 2606 OID 428225)
-- Name: user_posts fk3idbfqdilj0glnid701fbbjp8; Type: FK CONSTRAINT; Schema: public; Owner: postgres
--

ALTER TABLE ONLY public.user_posts
    ADD CONSTRAINT fk3idbfqdilj0glnid701fbbjp8 FOREIGN KEY (post_id) REFERENCES public.posts(id);


--
-- TOC entry 4293 (class 2606 OID 428170)
-- Name: messages fk4ui4nnwntodh6wjvck53dbk9m; Type: FK CONSTRAINT; Schema: public; Owner: postgres
--

ALTER TABLE ONLY public.messages
    ADD CONSTRAINT fk4ui4nnwntodh6wjvck53dbk9m FOREIGN KEY (sender_id) REFERENCES public.users(id);


--
-- TOC entry 4296 (class 2606 OID 428180)
-- Name: posts fk5lidm6cqbc7u4xhqpxm898qme; Type: FK CONSTRAINT; Schema: public; Owner: postgres
--

ALTER TABLE ONLY public.posts
    ADD CONSTRAINT fk5lidm6cqbc7u4xhqpxm898qme FOREIGN KEY (user_id) REFERENCES public.users(id);


--
-- TOC entry 4294 (class 2606 OID 428165)
-- Name: messages fk64w44ngcpqp99ptcb9werdfmb; Type: FK CONSTRAINT; Schema: public; Owner: postgres
--

ALTER TABLE ONLY public.messages
    ADD CONSTRAINT fk64w44ngcpqp99ptcb9werdfmb FOREIGN KEY (chat_id) REFERENCES public.chats(id);


--
-- TOC entry 4305 (class 2606 OID 428220)
-- Name: user_posts fk9spao74qxqjkns4i8h2r0kpnj; Type: FK CONSTRAINT; Schema: public; Owner: postgres
--

ALTER TABLE ONLY public.user_posts
    ADD CONSTRAINT fk9spao74qxqjkns4i8h2r0kpnj FOREIGN KEY (user_id) REFERENCES public.users(id);


--
-- TOC entry 4290 (class 2606 OID 428150)
-- Name: chats fkf6iv45no55kbr0kvrf44gnsvb; Type: FK CONSTRAINT; Schema: public; Owner: postgres
--

ALTER TABLE ONLY public.chats
    ADD CONSTRAINT fkf6iv45no55kbr0kvrf44gnsvb FOREIGN KEY (created_by_id) REFERENCES public.users(id);


--
-- TOC entry 4291 (class 2606 OID 428155)
-- Name: invite fkgd5sbnif5c3bi8y0lth9txo1r; Type: FK CONSTRAINT; Schema: public; Owner: postgres
--

ALTER TABLE ONLY public.invite
    ADD CONSTRAINT fkgd5sbnif5c3bi8y0lth9txo1r FOREIGN KEY (recipient_id) REFERENCES public.users(id);


--
-- TOC entry 4298 (class 2606 OID 428190)
-- Name: user_favorite_genres fkh5dswpmhyt7co2invdca9qifs; Type: FK CONSTRAINT; Schema: public; Owner: postgres
--

ALTER TABLE ONLY public.user_favorite_genres
    ADD CONSTRAINT fkh5dswpmhyt7co2invdca9qifs FOREIGN KEY (genre_id) REFERENCES public.genres(id);


--
-- TOC entry 4297 (class 2606 OID 428185)
-- Name: refresh_token fkjtx87i0jvq2svedphegvdwcuy; Type: FK CONSTRAINT; Schema: public; Owner: postgres
--

ALTER TABLE ONLY public.refresh_token
    ADD CONSTRAINT fkjtx87i0jvq2svedphegvdwcuy FOREIGN KEY (user_id) REFERENCES public.users(id);


--
-- TOC entry 4302 (class 2606 OID 428210)
-- Name: user_friends fkk08ugelrh9cea1oew3hgxryw2; Type: FK CONSTRAINT; Schema: public; Owner: postgres
--

ALTER TABLE ONLY public.user_friends
    ADD CONSTRAINT fkk08ugelrh9cea1oew3hgxryw2 FOREIGN KEY (user_id) REFERENCES public.users(id);


--
-- TOC entry 4288 (class 2606 OID 428145)
-- Name: chat_participants fkn4feij8janlba38q59kl2ebgg; Type: FK CONSTRAINT; Schema: public; Owner: postgres
--

ALTER TABLE ONLY public.chat_participants
    ADD CONSTRAINT fkn4feij8janlba38q59kl2ebgg FOREIGN KEY (chat_id) REFERENCES public.chats(id);


--
-- TOC entry 4289 (class 2606 OID 428140)
-- Name: chat_participants fkniojp089hlg00mujvo3vf5hum; Type: FK CONSTRAINT; Schema: public; Owner: postgres
--

ALTER TABLE ONLY public.chat_participants
    ADD CONSTRAINT fkniojp089hlg00mujvo3vf5hum FOREIGN KEY (participant_id) REFERENCES public.users(id);


--
-- TOC entry 4295 (class 2606 OID 428175)
-- Name: post_images fko1i5va2d8de9mwq727vxh0s05; Type: FK CONSTRAINT; Schema: public; Owner: postgres
--

ALTER TABLE ONLY public.post_images
    ADD CONSTRAINT fko1i5va2d8de9mwq727vxh0s05 FOREIGN KEY (post_id) REFERENCES public.posts(id);


--
-- TOC entry 4300 (class 2606 OID 428200)
-- Name: user_favorite_artists_ids fkrln3uj0l5q1lgypw38tfjyp33; Type: FK CONSTRAINT; Schema: public; Owner: postgres
--

ALTER TABLE ONLY public.user_favorite_artists_ids
    ADD CONSTRAINT fkrln3uj0l5q1lgypw38tfjyp33 FOREIGN KEY (user_id) REFERENCES public.users(id);


--
-- TOC entry 4292 (class 2606 OID 428160)
-- Name: invite fksappnapc5nlvdxv4yypoyru6t; Type: FK CONSTRAINT; Schema: public; Owner: postgres
--

ALTER TABLE ONLY public.invite
    ADD CONSTRAINT fksappnapc5nlvdxv4yypoyru6t FOREIGN KEY (sender_id) REFERENCES public.users(id);


--
-- TOC entry 4299 (class 2606 OID 428195)
-- Name: user_favorite_genres fkscaseiy5jwk8fgd309ci6r26g; Type: FK CONSTRAINT; Schema: public; Owner: postgres
--

ALTER TABLE ONLY public.user_favorite_genres
    ADD CONSTRAINT fkscaseiy5jwk8fgd309ci6r26g FOREIGN KEY (user_id) REFERENCES public.users(id);


--
-- TOC entry 4303 (class 2606 OID 428215)
-- Name: user_languages fkt3sjkb7b30p03i378qdcr2s9k; Type: FK CONSTRAINT; Schema: public; Owner: postgres
--

ALTER TABLE ONLY public.user_languages
    ADD CONSTRAINT fkt3sjkb7b30p03i378qdcr2s9k FOREIGN KEY (user_id) REFERENCES public.users(id);


-- Completed on 2024-09-29 12:45:06 MSK

--
-- PostgreSQL database dump complete
--

